timestamp,index,memory_used_mib,utilization_gpu_percent,power_draw_w
2026/07/30 09:49:28.749, 6, 1, 0, 123.73
2026/07/30 09:49:28.750, 7, 1, 0, 124.76
2026/07/30 09:49:30.904, 6, 1, 0, 123.68
2026/07/30 09:49:30.906, 7, 1, 0, 124.80
2026/07/30 09:49:33.064, 6, 4, 0, 123.76
2026/07/30 09:49:33.066, 7, 4, 0, 124.87
2026/07/30 09:49:35.214, 6, 4, 0, 123.79
2026/07/30 09:49:35.215, 7, 4, 0, 124.74
2026/07/30 09:49:37.398, 6, 4, 0, 123.74
2026/07/30 09:49:37.402, 7, 4, 0, 124.85
2026/07/30 09:49:39.601, 6, 4, 0, 123.76
2026/07/30 09:49:39.603, 7, 4, 0, 124.80
2026/07/30 09:49:41.774, 6, 4, 0, 123.67
2026/07/30 09:49:41.776, 7, 4, 0, 124.78
2026/07/30 09:49:44.136, 6, 23, 0, 123.76
2026/07/30 09:49:44.138, 7, 24, 0, 124.83
2026/07/30 09:49:46.288, 6, 984, 0, 119.44
2026/07/30 09:49:46.290, 7, 1274, 0, 120.43
2026/07/30 09:49:48.465, 6, 2960, 0, 119.88
2026/07/30 09:49:48.467, 7, 1460, 0, 120.68
2026/07/30 09:49:50.636, 6, 17324, 6, 142.43
2026/07/30 09:49:50.638, 7, 17324, 100, 147.03
2026/07/30 09:49:52.774, 6, 17324, 7, 142.67
2026/07/30 09:49:52.776, 7, 17324, 100, 144.34
2026/07/30 09:49:54.978, 6, 17324, 1, 140.11
2026/07/30 09:49:54.980, 7, 17324, 100, 142.43
2026/07/30 09:49:57.149, 6, 17324, 7, 139.11
2026/07/30 09:49:57.151, 7, 17324, 100, 142.81
2026/07/30 09:49:59.318, 6, 17324, 7, 140.15
2026/07/30 09:49:59.320, 7, 17324, 100, 142.70
2026/07/30 09:50:01.498, 6, 17324, 7, 144.10
2026/07/30 09:50:01.500, 7, 17324, 100, 146.07
2026/07/30 09:50:03.708, 6, 15666, 0, 122.62
2026/07/30 09:50:03.712, 7, 15666, 0, 124.75
2026/07/30 09:50:05.899, 6, 15862, 8, 120.63
2026/07/30 09:50:05.901, 7, 15862, 8, 121.62
2026/07/30 09:50:08.098, 6, 15862, 5, 120.61
2026/07/30 09:50:08.100, 7, 15862, 5, 121.53
2026/07/30 09:50:10.275, 6, 15862, 8, 120.62
2026/07/30 09:50:10.277, 7, 15862, 8, 121.60
2026/07/30 09:50:12.420, 6, 15862, 8, 120.52
2026/07/30 09:50:12.422, 7, 15862, 8, 121.50
2026/07/30 09:50:14.599, 6, 15762, 19, 121.70
2026/07/30 09:50:14.602, 7, 15762, 19, 122.63
2026/07/30 09:50:16.806, 6, 77616, 8, 156.48
2026/07/30 09:50:16.808, 7, 77616, 0, 157.60
2026/07/30 09:50:18.989, 6, 78916, 9, 244.24
2026/07/30 09:50:18.993, 7, 78916, 2, 234.67
2026/07/30 09:50:21.187, 6, 95518, 89, 681.19
2026/07/30 09:50:21.190, 7, 95158, 100, 698.64
2026/07/30 09:50:23.370, 6, 97358, 89, 693.09
2026/07/30 09:50:23.372, 7, 97318, 99, 692.37
2026/07/30 09:50:25.556, 6, 97358, 100, 688.69
2026/07/30 09:50:25.560, 7, 97338, 100, 690.96
2026/07/30 09:50:27.749, 6, 97358, 96, 689.08
2026/07/30 09:50:27.752, 7, 97338, 97, 689.91
2026/07/30 09:50:30.003, 6, 97358, 96, 689.36
2026/07/30 09:50:30.006, 7, 97338, 99, 690.71
2026/07/30 09:50:32.170, 6, 97358, 100, 685.67
2026/07/30 09:50:32.173, 7, 97478, 100, 683.36
2026/07/30 09:50:34.417, 6, 97358, 99, 696.16
2026/07/30 09:50:34.420, 7, 97478, 87, 692.95
2026/07/30 09:50:36.637, 6, 97358, 100, 694.89
2026/07/30 09:50:36.640, 7, 97478, 100, 690.69
2026/07/30 09:50:38.896, 6, 97358, 100, 689.61
2026/07/30 09:50:38.901, 7, 97478, 100, 673.26
2026/07/30 09:50:41.168, 6, 97358, 98, 693.31
2026/07/30 09:50:41.171, 7, 97478, 97, 701.88
2026/07/30 09:50:43.366, 6, 97358, 95, 689.62
2026/07/30 09:50:43.368, 7, 97478, 100, 696.03
2026/07/30 09:50:45.770, 6, 97358, 100, 652.37
2026/07/30 09:50:45.773, 7, 97518, 75, 652.23
2026/07/30 09:50:47.989, 6, 97378, 94, 697.84
2026/07/30 09:50:47.992, 7, 97518, 95, 696.35
2026/07/30 09:50:50.428, 6, 114194, 15, 267.17
2026/07/30 09:50:50.431, 7, 114194, 26, 291.20
2026/07/30 09:50:52.616, 6, 138380, 100, 687.72
2026/07/30 09:50:52.622, 7, 138840, 100, 691.68
2026/07/30 09:50:54.817, 6, 138640, 92, 691.43
2026/07/30 09:50:54.820, 7, 138880, 91, 691.40
2026/07/30 09:50:57.012, 6, 138880, 100, 695.36
2026/07/30 09:50:57.016, 7, 139040, 97, 691.73
2026/07/30 09:50:59.217, 6, 139020, 100, 683.04
2026/07/30 09:50:59.220, 7, 139080, 100, 691.18
2026/07/30 09:51:01.432, 6, 139020, 98, 684.30
2026/07/30 09:51:01.436, 7, 139080, 79, 678.82
2026/07/30 09:51:03.684, 6, 139020, 100, 694.11
2026/07/30 09:51:03.690, 7, 139080, 99, 693.35
2026/07/30 09:51:05.895, 6, 139020, 100, 696.11
2026/07/30 09:51:05.898, 7, 139080, 100, 679.84
2026/07/30 09:51:08.278, 6, 139020, 100, 691.68
2026/07/30 09:51:08.285, 7, 139080, 94, 692.02
2026/07/30 09:51:10.545, 6, 139020, 100, 692.09
2026/07/30 09:51:10.550, 7, 139080, 100, 694.03
2026/07/30 09:51:12.761, 6, 139020, 100, 691.89
2026/07/30 09:51:12.764, 7, 139080, 97, 693.36
2026/07/30 09:51:14.974, 6, 139020, 100, 693.94
2026/07/30 09:51:14.978, 7, 139080, 95, 689.45
2026/07/30 09:51:17.183, 6, 139020, 100, 692.91
2026/07/30 09:51:17.186, 7, 139080, 100, 689.46
2026/07/30 09:51:19.378, 6, 139020, 97, 693.10
2026/07/30 09:51:19.382, 7, 139080, 95, 689.46
2026/07/30 09:51:21.608, 6, 139020, 67, 590.85
2026/07/30 09:51:21.612, 7, 139080, 99, 592.75
2026/07/30 09:51:23.820, 6, 139020, 100, 694.22
2026/07/30 09:51:23.824, 7, 139080, 100, 693.72
2026/07/30 09:51:26.025, 6, 139020, 100, 692.81
2026/07/30 09:51:26.028, 7, 139080, 100, 689.20
2026/07/30 09:51:28.221, 6, 139020, 100, 687.18
2026/07/30 09:51:28.224, 7, 139080, 97, 692.70
2026/07/30 09:51:30.418, 6, 139020, 86, 692.15
2026/07/30 09:51:30.421, 7, 139080, 100, 694.27
2026/07/30 09:51:32.652, 6, 139020, 100, 691.14
2026/07/30 09:51:32.656, 7, 139080, 100, 688.71
2026/07/30 09:51:34.866, 6, 139020, 86, 694.98
2026/07/30 09:51:34.869, 7, 139080, 97, 693.05
2026/07/30 09:51:37.069, 6, 139020, 100, 690.57
2026/07/30 09:51:37.073, 7, 139080, 99, 694.38
2026/07/30 09:51:39.348, 6, 139020, 100, 689.65
2026/07/30 09:51:39.352, 7, 139080, 99, 691.72
2026/07/30 09:51:41.620, 6, 139020, 89, 652.09
2026/07/30 09:51:41.624, 7, 139080, 91, 635.25
2026/07/30 09:51:43.818, 6, 139020, 97, 694.18
2026/07/30 09:51:43.821, 7, 139080, 100, 690.47
2026/07/30 09:51:46.007, 6, 139020, 100, 696.01
2026/07/30 09:51:46.010, 7, 139080, 100, 688.75
2026/07/30 09:51:48.221, 6, 139020, 95, 690.89
2026/07/30 09:51:48.224, 7, 139080, 100, 696.47
2026/07/30 09:51:50.414, 6, 139020, 98, 693.45
2026/07/30 09:51:50.417, 7, 139080, 100, 690.77
2026/07/30 09:51:52.590, 6, 139020, 100, 591.28
2026/07/30 09:51:52.593, 7, 139080, 85, 582.67
2026/07/30 09:51:54.782, 6, 139020, 99, 690.51
2026/07/30 09:51:54.785, 7, 139080, 100, 693.95
2026/07/30 09:51:56.983, 6, 139020, 100, 685.85
2026/07/30 09:51:56.986, 7, 139080, 100, 683.89
2026/07/30 09:51:59.180, 6, 139020, 97, 696.98
2026/07/30 09:51:59.183, 7, 139080, 97, 696.61
2026/07/30 09:52:01.373, 6, 139020, 100, 693.42
2026/07/30 09:52:01.376, 7, 139080, 100, 693.99
2026/07/30 09:52:03.573, 6, 139020, 100, 694.05
2026/07/30 09:52:03.577, 7, 139080, 100, 678.08
2026/07/30 09:52:05.785, 6, 139020, 94, 692.76
2026/07/30 09:52:05.789, 7, 139080, 100, 692.83
2026/07/30 09:52:08.016, 6, 139020, 100, 694.10
2026/07/30 09:52:08.019, 7, 139080, 100, 697.12
2026/07/30 09:52:10.311, 6, 139020, 78, 643.19
2026/07/30 09:52:10.315, 7, 139080, 93, 660.96
2026/07/30 09:52:12.617, 6, 139020, 79, 641.31
2026/07/30 09:52:12.621, 7, 139080, 62, 651.65
2026/07/30 09:52:14.809, 6, 139020, 100, 695.04
2026/07/30 09:52:14.813, 7, 139080, 95, 690.51
2026/07/30 09:52:17.008, 6, 139020, 100, 690.56
2026/07/30 09:52:17.012, 7, 139080, 100, 690.39
2026/07/30 09:52:19.225, 6, 139020, 100, 688.04
2026/07/30 09:52:19.229, 7, 139080, 94, 689.75
2026/07/30 09:52:21.634, 6, 139020, 100, 695.23
2026/07/30 09:52:21.638, 7, 139080, 100, 694.44
2026/07/30 09:52:23.826, 6, 139020, 100, 630.17
2026/07/30 09:52:23.830, 7, 139080, 100, 637.27
2026/07/30 09:52:26.027, 6, 139020, 100, 688.59
2026/07/30 09:52:26.031, 7, 139080, 100, 683.78
2026/07/30 09:52:28.243, 6, 139020, 98, 696.92
2026/07/30 09:52:28.247, 7, 139080, 96, 702.58
2026/07/30 09:52:30.459, 6, 139020, 100, 696.23
2026/07/30 09:52:30.462, 7, 139080, 100, 695.21
2026/07/30 09:52:32.628, 6, 139020, 100, 688.81
2026/07/30 09:52:32.631, 7, 139080, 100, 685.00
2026/07/30 09:52:34.828, 6, 139020, 95, 694.76
2026/07/30 09:52:34.832, 7, 139080, 100, 690.71
2026/07/30 09:52:37.023, 6, 139020, 100, 694.16
2026/07/30 09:52:37.027, 7, 139080, 100, 692.91
2026/07/30 09:52:39.221, 6, 139020, 100, 686.83
2026/07/30 09:52:39.224, 7, 139080, 97, 693.33
2026/07/30 09:52:41.440, 6, 139020, 58, 619.19
2026/07/30 09:52:41.444, 7, 139080, 99, 631.88
2026/07/30 09:52:43.741, 6, 139020, 100, 650.12
2026/07/30 09:52:43.744, 7, 139080, 93, 650.76
2026/07/30 09:52:45.917, 6, 139020, 100, 694.51
2026/07/30 09:52:45.921, 7, 139080, 100, 693.01
2026/07/30 09:52:48.118, 6, 139020, 100, 691.55
2026/07/30 09:52:48.122, 7, 139080, 95, 681.60
2026/07/30 09:52:50.314, 6, 139020, 100, 696.80
2026/07/30 09:52:50.320, 7, 139080, 97, 693.11
2026/07/30 09:52:52.480, 6, 139020, 100, 693.06
2026/07/30 09:52:52.483, 7, 139080, 100, 695.41
2026/07/30 09:52:54.669, 6, 139040, 98, 606.92
2026/07/30 09:52:54.673, 7, 139080, 92, 609.30
2026/07/30 09:52:56.885, 6, 139040, 100, 683.83
2026/07/30 09:52:56.889, 7, 139080, 100, 683.48
2026/07/30 09:52:59.095, 6, 139040, 100, 702.12
2026/07/30 09:52:59.098, 7, 139080, 92, 700.15
2026/07/30 09:53:01.283, 6, 139040, 100, 690.12
2026/07/30 09:53:01.286, 7, 139080, 100, 695.15
2026/07/30 09:53:03.479, 6, 139040, 100, 694.14
2026/07/30 09:53:03.483, 7, 139080, 95, 692.11
2026/07/30 09:53:05.679, 6, 139040, 95, 694.42
2026/07/30 09:53:05.683, 7, 139080, 98, 695.70
2026/07/30 09:53:07.909, 6, 139040, 100, 690.88
2026/07/30 09:53:07.912, 7, 139080, 100, 694.42
2026/07/30 09:53:10.130, 6, 139080, 96, 689.73
2026/07/30 09:53:10.133, 7, 139080, 94, 694.26
2026/07/30 09:53:12.410, 6, 139080, 100, 652.94
2026/07/30 09:53:12.414, 7, 139080, 100, 664.40
2026/07/30 09:53:14.692, 6, 139080, 100, 639.50
2026/07/30 09:53:14.698, 7, 139080, 100, 655.23
2026/07/30 09:53:16.917, 6, 139080, 100, 680.93
2026/07/30 09:53:16.920, 7, 139080, 100, 682.38
2026/07/30 09:53:19.201, 6, 139080, 98, 693.33
2026/07/30 09:53:19.205, 7, 139080, 89, 695.98
2026/07/30 09:53:21.402, 6, 139080, 100, 696.04
2026/07/30 09:53:21.405, 7, 139080, 100, 690.76
2026/07/30 09:53:23.589, 6, 139080, 100, 699.70
2026/07/30 09:53:23.592, 7, 139080, 100, 690.78
2026/07/30 09:53:25.794, 6, 139080, 100, 692.16
2026/07/30 09:53:25.797, 7, 139080, 100, 678.25
2026/07/30 09:53:28.082, 6, 139080, 96, 696.65
2026/07/30 09:53:28.085, 7, 139080, 100, 694.51
2026/07/30 09:53:30.281, 6, 139080, 100, 696.93
2026/07/30 09:53:30.285, 7, 139080, 100, 692.04
2026/07/30 09:53:32.460, 6, 139080, 97, 694.05
2026/07/30 09:53:32.464, 7, 139080, 93, 689.57
2026/07/30 09:53:34.662, 6, 139080, 99, 696.51
2026/07/30 09:53:34.666, 7, 139080, 100, 697.07
2026/07/30 09:53:36.870, 6, 139080, 100, 685.38
2026/07/30 09:53:36.873, 7, 139080, 100, 692.60
2026/07/30 09:53:39.069, 6, 139080, 95, 690.84
2026/07/30 09:53:39.073, 7, 139080, 94, 688.48
2026/07/30 09:53:41.262, 6, 139080, 100, 694.77
2026/07/30 09:53:41.265, 7, 139080, 88, 693.22
2026/07/30 09:53:43.511, 6, 139080, 100, 636.02
2026/07/30 09:53:43.520, 7, 139080, 95, 626.41
2026/07/30 09:53:45.815, 6, 139080, 100, 680.33
2026/07/30 09:53:45.819, 7, 139080, 97, 632.31
2026/07/30 09:53:48.020, 6, 139080, 75, 683.11
2026/07/30 09:53:48.023, 7, 139080, 96, 683.97
2026/07/30 09:53:50.223, 6, 139080, 100, 695.53
2026/07/30 09:53:50.228, 7, 139080, 100, 692.66
2026/07/30 09:53:52.392, 6, 139080, 100, 694.51
2026/07/30 09:53:52.395, 7, 139080, 100, 690.62
2026/07/30 09:53:54.584, 6, 139080, 96, 692.69
2026/07/30 09:53:54.588, 7, 139080, 97, 693.93
2026/07/30 09:53:56.861, 6, 139080, 98, 688.56
2026/07/30 09:53:56.865, 7, 139080, 100, 686.46
2026/07/30 09:53:59.091, 6, 139080, 100, 694.32
2026/07/30 09:53:59.094, 7, 139080, 100, 693.00
2026/07/30 09:54:01.296, 6, 139080, 100, 689.56
2026/07/30 09:54:01.300, 7, 139080, 100, 689.92
2026/07/30 09:54:03.501, 6, 139080, 100, 691.70
2026/07/30 09:54:03.506, 7, 139080, 100, 700.14
2026/07/30 09:54:05.710, 6, 139080, 100, 693.77
2026/07/30 09:54:05.713, 7, 139080, 99, 682.57
2026/07/30 09:54:07.995, 6, 139080, 97, 684.40
2026/07/30 09:54:08.003, 7, 139080, 100, 682.09
2026/07/30 09:54:10.231, 6, 139080, 93, 694.09
2026/07/30 09:54:10.234, 7, 139080, 100, 694.51
2026/07/30 09:54:12.456, 6, 139080, 100, 694.25
2026/07/30 09:54:12.460, 7, 139080, 100, 690.36
2026/07/30 09:54:14.704, 6, 139080, 100, 675.75
2026/07/30 09:54:14.708, 7, 139080, 100, 659.27
2026/07/30 09:54:16.954, 6, 139080, 100, 685.14
2026/07/30 09:54:16.958, 7, 139080, 100, 689.12
2026/07/30 09:54:19.171, 6, 139080, 99, 696.41
2026/07/30 09:54:19.175, 7, 139080, 94, 696.32
2026/07/30 09:54:21.367, 6, 139080, 100, 695.56
2026/07/30 09:54:21.370, 7, 139080, 100, 698.12
2026/07/30 09:54:23.568, 6, 139080, 100, 695.19
2026/07/30 09:54:23.571, 7, 139080, 99, 693.89
2026/07/30 09:54:25.772, 6, 139080, 96, 690.27
2026/07/30 09:54:25.776, 7, 139080, 93, 692.09
2026/07/30 09:54:27.973, 6, 139080, 98, 696.16
2026/07/30 09:54:27.976, 7, 139080, 99, 700.98
2026/07/30 09:54:30.168, 6, 139080, 100, 694.25
2026/07/30 09:54:30.171, 7, 139080, 100, 692.06
2026/07/30 09:54:32.349, 6, 139080, 100, 640.89
2026/07/30 09:54:32.353, 7, 139080, 100, 633.43
2026/07/30 09:54:34.660, 6, 139080, 100, 676.75
2026/07/30 09:54:34.663, 7, 139080, 100, 664.85
2026/07/30 09:54:36.859, 6, 139080, 89, 696.01
2026/07/30 09:54:36.862, 7, 139080, 99, 696.66
2026/07/30 09:54:39.081, 6, 139080, 100, 694.20
2026/07/30 09:54:39.085, 7, 139080, 100, 689.47
2026/07/30 09:54:41.278, 6, 139080, 100, 688.99
2026/07/30 09:54:41.282, 7, 139080, 96, 693.67
2026/07/30 09:54:43.477, 6, 139080, 99, 691.48
2026/07/30 09:54:43.481, 7, 139080, 98, 694.89
2026/07/30 09:54:45.684, 6, 139080, 100, 696.72
2026/07/30 09:54:45.687, 7, 139080, 100, 693.70
2026/07/30 09:54:47.883, 6, 139080, 96, 691.45
2026/07/30 09:54:47.886, 7, 139080, 100, 690.31
2026/07/30 09:54:50.089, 6, 139080, 100, 696.85
2026/07/30 09:54:50.093, 7, 139080, 92, 694.39
2026/07/30 09:54:52.267, 6, 139080, 100, 694.09
2026/07/30 09:54:52.271, 7, 139080, 100, 694.07
2026/07/30 09:54:54.469, 6, 139080, 98, 694.44
2026/07/30 09:54:54.473, 7, 139080, 97, 691.61
2026/07/30 09:54:56.672, 6, 139080, 100, 694.69
2026/07/30 09:54:56.684, 7, 139080, 100, 692.52
2026/07/30 09:54:58.917, 6, 139080, 100, 695.46
2026/07/30 09:54:58.920, 7, 139080, 99, 689.91
2026/07/30 09:55:01.125, 6, 139080, 100, 690.46
2026/07/30 09:55:01.128, 7, 139080, 100, 696.65
2026/07/30 09:55:03.322, 6, 139080, 96, 696.78
2026/07/30 09:55:03.325, 7, 139080, 91, 689.85
2026/07/30 09:55:05.535, 6, 139080, 99, 648.74
2026/07/30 09:55:05.539, 7, 139080, 85, 639.92
2026/07/30 09:55:07.834, 6, 139080, 79, 673.16
2026/07/30 09:55:07.838, 7, 139080, 100, 679.69
2026/07/30 09:55:10.169, 6, 139080, 100, 690.33
2026/07/30 09:55:10.173, 7, 139080, 100, 676.18
2026/07/30 09:55:12.442, 6, 139080, 96, 686.62
2026/07/30 09:55:12.446, 7, 139080, 88, 686.03
2026/07/30 09:55:14.677, 6, 139080, 95, 693.67
2026/07/30 09:55:14.680, 7, 139080, 97, 688.42
2026/07/30 09:55:16.907, 6, 139080, 100, 690.85
2026/07/30 09:55:16.910, 7, 139080, 100, 694.92
2026/07/30 09:55:19.136, 6, 139080, 96, 689.82
2026/07/30 09:55:19.139, 7, 139080, 92, 693.84
2026/07/30 09:55:21.324, 6, 139080, 100, 692.75
2026/07/30 09:55:21.327, 7, 139080, 100, 692.78
2026/07/30 09:55:23.528, 6, 139080, 100, 694.95
2026/07/30 09:55:23.532, 7, 139080, 100, 694.27
2026/07/30 09:55:25.750, 6, 139080, 96, 699.50
2026/07/30 09:55:25.758, 7, 139080, 88, 694.77
2026/07/30 09:55:27.963, 6, 139080, 100, 692.67
2026/07/30 09:55:27.967, 7, 139080, 100, 692.19
2026/07/30 09:55:30.181, 6, 139080, 100, 693.32
2026/07/30 09:55:30.184, 7, 139080, 99, 690.08
2026/07/30 09:55:32.350, 6, 139080, 100, 693.66
2026/07/30 09:55:32.353, 7, 139100, 100, 686.25
2026/07/30 09:55:34.549, 6, 139080, 99, 693.80
2026/07/30 09:55:34.552, 7, 139100, 91, 688.43
2026/07/30 09:55:36.739, 6, 139080, 99, 693.78
2026/07/30 09:55:36.743, 7, 139100, 100, 692.29
2026/07/30 09:55:38.952, 6, 139080, 100, 694.53
2026/07/30 09:55:38.968, 7, 139100, 100, 686.96
2026/07/30 09:55:41.221, 6, 139080, 99, 674.92
2026/07/30 09:55:41.226, 7, 139100, 91, 669.39
2026/07/30 09:55:43.442, 6, 139080, 100, 637.06
2026/07/30 09:55:43.446, 7, 139100, 59, 627.88
2026/07/30 09:55:45.656, 6, 139080, 100, 693.85
2026/07/30 09:55:45.659, 7, 139100, 100, 693.89
2026/07/30 09:55:47.888, 6, 139080, 97, 691.33
2026/07/30 09:55:47.891, 7, 139100, 94, 688.87
2026/07/30 09:55:50.091, 6, 139080, 92, 692.74
2026/07/30 09:55:50.095, 7, 139100, 91, 694.12
2026/07/30 09:55:52.263, 6, 139080, 100, 693.11
2026/07/30 09:55:52.266, 7, 139100, 100, 693.95
2026/07/30 09:55:54.468, 6, 139080, 98, 694.43
2026/07/30 09:55:54.471, 7, 139100, 100, 688.84
2026/07/30 09:55:56.718, 6, 139080, 100, 696.30
2026/07/30 09:55:56.736, 7, 139100, 100, 696.78
2026/07/30 09:55:58.927, 6, 139080, 100, 694.70
2026/07/30 09:55:58.930, 7, 139100, 100, 690.68
2026/07/30 09:56:01.148, 6, 139080, 100, 694.42
2026/07/30 09:56:01.152, 7, 139100, 100, 688.95
2026/07/30 09:56:03.342, 6, 139080, 97, 693.29
2026/07/30 09:56:03.345, 7, 139100, 94, 696.03
2026/07/30 09:56:05.556, 6, 139080, 99, 693.47
2026/07/30 09:56:05.559, 7, 139100, 97, 693.00
2026/07/30 09:56:07.738, 6, 139080, 100, 696.39
2026/07/30 09:56:07.742, 7, 139100, 100, 693.26
2026/07/30 09:56:09.927, 6, 139080, 97, 695.05
2026/07/30 09:56:09.931, 7, 139100, 94, 692.34
2026/07/30 09:56:12.200, 6, 139080, 100, 666.16
2026/07/30 09:56:12.209, 7, 139100, 100, 689.58
2026/07/30 09:56:14.476, 6, 139080, 100, 658.41
2026/07/30 09:56:14.479, 7, 139100, 91, 641.73
2026/07/30 09:56:16.668, 6, 139080, 100, 681.45
2026/07/30 09:56:16.672, 7, 139100, 100, 682.14
2026/07/30 09:56:18.857, 6, 139080, 99, 694.56
2026/07/30 09:56:18.861, 7, 139100, 91, 688.44
2026/07/30 09:56:21.125, 6, 139080, 100, 693.05
2026/07/30 09:56:21.132, 7, 139100, 100, 693.12
2026/07/30 09:56:23.370, 6, 139080, 100, 700.44
2026/07/30 09:56:23.374, 7, 139100, 97, 688.75
2026/07/30 09:56:25.561, 6, 139080, 95, 696.15
2026/07/30 09:56:25.564, 7, 139100, 96, 693.56
2026/07/30 09:56:27.766, 6, 139080, 100, 689.53
2026/07/30 09:56:27.769, 7, 139180, 100, 691.15
2026/07/30 09:56:30.010, 6, 139080, 92, 658.34
2026/07/30 09:56:30.013, 7, 139180, 93, 660.19
2026/07/30 09:56:32.192, 6, 139080, 96, 694.72
2026/07/30 09:56:32.195, 7, 139180, 100, 697.78
2026/07/30 09:56:34.392, 6, 139080, 98, 692.01
2026/07/30 09:56:34.395, 7, 139180, 100, 695.08
2026/07/30 09:56:36.585, 6, 139080, 100, 693.54
2026/07/30 09:56:36.589, 7, 139180, 100, 695.12
2026/07/30 09:56:38.807, 6, 139080, 96, 692.34
2026/07/30 09:56:38.811, 7, 139180, 100, 693.88
2026/07/30 09:56:41.019, 6, 139080, 86, 690.95
2026/07/30 09:56:41.022, 7, 139180, 100, 696.18
2026/07/30 09:56:43.238, 6, 139080, 89, 628.28
2026/07/30 09:56:43.243, 7, 139180, 100, 654.09
2026/07/30 09:56:45.453, 6, 139080, 100, 672.87
2026/07/30 09:56:45.456, 7, 139180, 100, 682.90
2026/07/30 09:56:47.644, 6, 139080, 87, 689.89
2026/07/30 09:56:47.647, 7, 139180, 90, 689.36
2026/07/30 09:56:49.858, 6, 139080, 100, 692.05
2026/07/30 09:56:49.862, 7, 139180, 100, 691.11
2026/07/30 09:56:52.093, 6, 139080, 100, 692.20
2026/07/30 09:56:52.096, 7, 139180, 100, 692.49
2026/07/30 09:56:54.299, 6, 139080, 76, 673.36
2026/07/30 09:56:54.302, 7, 139180, 94, 670.11
2026/07/30 09:56:56.516, 6, 139080, 99, 695.31
2026/07/30 09:56:56.520, 7, 139180, 100, 691.33
2026/07/30 09:56:58.720, 6, 139080, 100, 690.53
2026/07/30 09:56:58.724, 7, 139180, 100, 694.30
2026/07/30 09:57:00.922, 6, 139080, 91, 659.15
2026/07/30 09:57:00.925, 7, 139180, 100, 640.76
2026/07/30 09:57:03.134, 6, 139080, 94, 694.52
2026/07/30 09:57:03.138, 7, 139180, 100, 696.58
2026/07/30 09:57:05.408, 6, 139080, 100, 692.93
2026/07/30 09:57:05.411, 7, 139180, 100, 690.82
2026/07/30 09:57:07.664, 6, 139080, 96, 690.20
2026/07/30 09:57:07.668, 7, 139180, 88, 677.04
2026/07/30 09:57:09.895, 6, 139080, 100, 687.59
2026/07/30 09:57:09.899, 7, 139180, 85, 681.83
2026/07/30 09:57:12.121, 6, 139080, 100, 691.47
2026/07/30 09:57:12.125, 7, 139180, 100, 691.85
2026/07/30 09:57:14.331, 6, 139080, 100, 693.35
2026/07/30 09:57:14.334, 7, 139180, 100, 685.13
2026/07/30 09:57:16.520, 6, 139080, 97, 696.79
2026/07/30 09:57:16.524, 7, 139180, 93, 694.07
2026/07/30 09:57:18.756, 6, 139080, 100, 691.47
2026/07/30 09:57:18.760, 7, 139180, 100, 694.87
2026/07/30 09:57:20.951, 6, 139080, 100, 691.80
2026/07/30 09:57:20.954, 7, 139180, 100, 684.59
2026/07/30 09:57:23.131, 6, 139080, 98, 690.06
2026/07/30 09:57:23.134, 7, 139180, 78, 701.58
2026/07/30 09:57:25.330, 6, 139080, 100, 695.38
2026/07/30 09:57:25.334, 7, 139180, 91, 693.26
2026/07/30 09:57:27.523, 6, 139080, 100, 681.93
2026/07/30 09:57:27.526, 7, 139180, 100, 688.54
2026/07/30 09:57:29.714, 6, 139080, 83, 671.50
2026/07/30 09:57:29.717, 7, 139180, 98, 690.01
2026/07/30 09:57:31.917, 6, 139080, 100, 691.78
2026/07/30 09:57:31.921, 7, 139180, 99, 692.36
2026/07/30 09:57:34.114, 6, 139080, 100, 686.18
2026/07/30 09:57:34.118, 7, 139180, 100, 691.84
2026/07/30 09:57:36.330, 6, 139080, 97, 667.91
2026/07/30 09:57:36.333, 7, 139180, 71, 649.46
2026/07/30 09:57:38.529, 6, 139080, 100, 692.30
2026/07/30 09:57:38.532, 7, 139180, 98, 692.91
2026/07/30 09:57:40.734, 6, 139080, 100, 692.06
2026/07/30 09:57:40.738, 7, 139180, 100, 694.72
2026/07/30 09:57:42.927, 6, 139080, 100, 689.30
2026/07/30 09:57:42.931, 7, 139180, 96, 695.99
2026/07/30 09:57:45.124, 6, 139080, 65, 678.02
2026/07/30 09:57:45.127, 7, 139180, 84, 683.69
2026/07/30 09:57:47.374, 6, 139080, 94, 692.34
2026/07/30 09:57:47.378, 7, 139180, 97, 695.28
2026/07/30 09:57:49.609, 6, 139080, 100, 691.08
2026/07/30 09:57:49.613, 7, 139180, 97, 691.09
2026/07/30 09:57:51.819, 6, 139080, 100, 688.83
2026/07/30 09:57:51.822, 7, 139180, 99, 686.33
2026/07/30 09:57:54.019, 6, 139080, 100, 700.45
2026/07/30 09:57:54.023, 7, 139180, 92, 690.52
2026/07/30 09:57:56.222, 6, 139080, 100, 698.53
2026/07/30 09:57:56.226, 7, 139180, 100, 691.29
2026/07/30 09:57:58.410, 6, 139080, 100, 695.28
2026/07/30 09:57:58.413, 7, 139180, 100, 689.52
2026/07/30 09:58:00.605, 6, 139080, 97, 698.70
2026/07/30 09:58:00.609, 7, 139180, 90, 698.21
2026/07/30 09:58:02.857, 6, 139080, 100, 694.80
2026/07/30 09:58:02.860, 7, 139180, 100, 697.12
2026/07/30 09:58:05.088, 6, 139080, 100, 694.66
2026/07/30 09:58:05.092, 7, 139180, 97, 695.03
2026/07/30 09:58:07.279, 6, 139080, 97, 693.98
2026/07/30 09:58:07.283, 7, 139180, 92, 698.26
2026/07/30 09:58:09.462, 6, 139080, 100, 693.84
2026/07/30 09:58:09.465, 7, 139180, 100, 693.86
2026/07/30 09:58:11.682, 6, 139080, 97, 690.14
2026/07/30 09:58:11.686, 7, 139180, 100, 689.97
2026/07/30 09:58:13.927, 6, 139080, 94, 698.08
2026/07/30 09:58:13.930, 7, 139180, 99, 698.38
2026/07/30 09:58:16.154, 6, 139080, 100, 656.39
2026/07/30 09:58:16.187, 7, 139180, 100, 657.15
2026/07/30 09:58:18.418, 6, 139080, 97, 684.27
2026/07/30 09:58:18.421, 7, 139180, 99, 695.74
2026/07/30 09:58:20.617, 6, 139080, 100, 697.21
2026/07/30 09:58:20.621, 7, 139180, 100, 691.74
2026/07/30 09:58:22.804, 6, 139080, 100, 695.68
2026/07/30 09:58:22.808, 7, 139180, 100, 687.42
2026/07/30 09:58:25.073, 6, 139080, 87, 691.22
2026/07/30 09:58:25.079, 7, 139180, 100, 699.23
2026/07/30 09:58:27.285, 6, 139080, 100, 695.21
2026/07/30 09:58:27.288, 7, 139180, 100, 693.57
2026/07/30 09:58:29.483, 6, 139080, 96, 691.48
2026/07/30 09:58:29.487, 7, 139180, 100, 690.77
2026/07/30 09:58:31.711, 6, 139080, 99, 691.81
2026/07/30 09:58:31.714, 7, 139180, 92, 692.80
2026/07/30 09:58:33.919, 6, 139080, 100, 690.83
2026/07/30 09:58:33.922, 7, 139180, 100, 686.80
2026/07/30 09:58:36.120, 6, 139080, 92, 700.25
2026/07/30 09:58:36.124, 7, 139180, 91, 696.08
2026/07/30 09:58:38.321, 6, 139080, 100, 691.84
2026/07/30 09:58:38.325, 7, 139180, 100, 691.56
2026/07/30 09:58:40.527, 6, 139080, 100, 683.35
2026/07/30 09:58:40.530, 7, 139180, 100, 688.70
2026/07/30 09:58:42.716, 6, 139080, 92, 699.30
2026/07/30 09:58:42.720, 7, 139180, 93, 692.60
2026/07/30 09:58:45.009, 6, 139080, 100, 680.20
2026/07/30 09:58:45.017, 7, 139180, 100, 675.83
2026/07/30 09:58:47.323, 6, 139080, 91, 676.82
2026/07/30 09:58:47.334, 7, 139180, 100, 667.32
2026/07/30 09:58:49.618, 6, 139080, 100, 674.63
2026/07/30 09:58:49.621, 7, 139180, 100, 689.28
2026/07/30 09:58:51.819, 6, 139080, 99, 692.97
2026/07/30 09:58:51.822, 7, 139180, 93, 690.84
2026/07/30 09:58:54.016, 6, 139080, 100, 697.37
2026/07/30 09:58:54.019, 7, 139180, 100, 695.66
2026/07/30 09:58:56.313, 6, 139080, 100, 693.79
2026/07/30 09:58:56.317, 7, 139180, 95, 692.91
2026/07/30 09:58:58.540, 6, 139080, 93, 686.98
2026/07/30 09:58:58.552, 7, 139180, 100, 691.33
2026/07/30 09:59:00.775, 6, 139080, 100, 694.59
2026/07/30 09:59:00.785, 7, 139180, 100, 695.11
2026/07/30 09:59:03.045, 6, 139080, 87, 700.39
2026/07/30 09:59:03.055, 7, 139180, 97, 693.85
2026/07/30 09:59:05.314, 6, 139080, 100, 694.61
2026/07/30 09:59:05.318, 7, 139180, 100, 695.62
2026/07/30 09:59:07.528, 6, 139080, 100, 688.14
2026/07/30 09:59:07.537, 7, 139180, 100, 690.88
2026/07/30 09:59:09.774, 6, 139080, 100, 694.68
2026/07/30 09:59:09.787, 7, 139180, 94, 697.42
2026/07/30 09:59:11.986, 6, 139080, 100, 671.66
2026/07/30 09:59:11.995, 7, 139180, 100, 677.49
2026/07/30 09:59:14.213, 6, 139080, 96, 687.85
2026/07/30 09:59:14.216, 7, 139180, 90, 686.91
2026/07/30 09:59:16.421, 6, 139080, 100, 670.98
2026/07/30 09:59:16.425, 7, 139180, 96, 658.35
2026/07/30 09:59:18.703, 6, 139080, 45, 575.67
2026/07/30 09:59:18.707, 7, 139180, 65, 587.12
2026/07/30 09:59:20.919, 6, 139080, 100, 695.87
2026/07/30 09:59:20.923, 7, 139180, 99, 695.07
2026/07/30 09:59:23.129, 6, 139080, 100, 691.08
2026/07/30 09:59:23.132, 7, 139180, 100, 689.40
2026/07/30 09:59:25.362, 6, 139080, 97, 692.67
2026/07/30 09:59:25.365, 7, 139180, 85, 685.51
2026/07/30 09:59:27.571, 6, 139080, 100, 695.16
2026/07/30 09:59:27.575, 7, 139180, 97, 696.48
2026/07/30 09:59:29.758, 6, 139080, 100, 695.00
2026/07/30 09:59:29.762, 7, 139180, 100, 689.95
2026/07/30 09:59:31.951, 6, 139080, 89, 688.22
2026/07/30 09:59:31.955, 7, 139180, 92, 695.86
2026/07/30 09:59:34.170, 6, 139080, 100, 694.20
2026/07/30 09:59:34.173, 7, 139180, 100, 693.97
2026/07/30 09:59:36.364, 6, 139080, 100, 690.70
2026/07/30 09:59:36.367, 7, 139180, 97, 689.85
2026/07/30 09:59:38.572, 6, 139080, 97, 689.92
2026/07/30 09:59:38.576, 7, 139180, 84, 690.23
2026/07/30 09:59:40.791, 6, 139080, 98, 692.25
2026/07/30 09:59:40.794, 7, 139180, 99, 687.74
2026/07/30 09:59:42.963, 6, 139080, 100, 694.39
2026/07/30 09:59:42.966, 7, 139180, 100, 688.16
2026/07/30 09:59:45.160, 6, 139080, 97, 694.03
2026/07/30 09:59:45.164, 7, 139180, 93, 692.12
2026/07/30 09:59:47.364, 6, 139080, 54, 618.41
2026/07/30 09:59:47.367, 7, 139180, 100, 629.29
2026/07/30 09:59:49.603, 6, 139080, 84, 588.10
2026/07/30 09:59:49.606, 7, 139180, 55, 595.30
2026/07/30 09:59:51.881, 6, 139080, 100, 692.28
2026/07/30 09:59:51.884, 7, 139180, 100, 692.97
2026/07/30 09:59:54.072, 6, 139080, 100, 686.62
2026/07/30 09:59:54.075, 7, 139180, 100, 692.02
2026/07/30 09:59:56.273, 6, 139180, 92, 694.54
2026/07/30 09:59:56.276, 7, 139180, 97, 687.67
2026/07/30 09:59:58.461, 6, 139180, 100, 694.57
2026/07/30 09:59:58.465, 7, 139180, 100, 694.76
2026/07/30 10:00:00.653, 6, 139180, 100, 688.62
2026/07/30 10:00:00.656, 7, 139180, 100, 693.54
2026/07/30 10:00:02.827, 6, 139180, 89, 692.51
2026/07/30 10:00:02.831, 7, 139180, 100, 691.18
2026/07/30 10:00:05.023, 6, 139180, 100, 694.38
2026/07/30 10:00:05.026, 7, 139180, 100, 696.32
2026/07/30 10:00:07.264, 6, 139180, 100, 693.31
2026/07/30 10:00:07.268, 7, 139180, 100, 692.09
2026/07/30 10:00:09.506, 6, 139180, 92, 694.79
2026/07/30 10:00:09.510, 7, 139180, 100, 694.17
2026/07/30 10:00:11.761, 6, 139180, 100, 693.99
2026/07/30 10:00:11.765, 7, 139180, 100, 690.87
2026/07/30 10:00:13.994, 6, 139180, 92, 690.35
2026/07/30 10:00:13.997, 7, 139180, 100, 694.24
2026/07/30 10:00:16.199, 6, 139180, 100, 692.00
2026/07/30 10:00:16.205, 7, 139180, 100, 696.19
2026/07/30 10:00:18.508, 6, 139180, 100, 653.30
2026/07/30 10:00:18.525, 7, 139180, 100, 668.28
2026/07/30 10:00:20.926, 6, 139180, 100, 645.89
2026/07/30 10:00:20.929, 7, 139180, 100, 644.67
2026/07/30 10:00:23.143, 6, 139180, 100, 687.73
2026/07/30 10:00:23.147, 7, 139180, 97, 682.27
2026/07/30 10:00:25.338, 6, 139180, 89, 690.41
2026/07/30 10:00:25.342, 7, 139180, 99, 696.03
2026/07/30 10:00:27.528, 6, 139180, 100, 693.07
2026/07/30 10:00:27.531, 7, 139180, 100, 696.92
2026/07/30 10:00:29.731, 6, 139180, 97, 693.54
2026/07/30 10:00:29.734, 7, 139180, 96, 691.44
2026/07/30 10:00:31.934, 6, 139180, 93, 693.10
2026/07/30 10:00:31.937, 7, 139180, 100, 692.67
2026/07/30 10:00:34.176, 6, 139180, 100, 686.63
2026/07/30 10:00:34.188, 7, 139180, 100, 692.04
2026/07/30 10:00:36.431, 6, 139180, 85, 697.22
2026/07/30 10:00:36.443, 7, 139180, 97, 692.64
2026/07/30 10:00:38.646, 6, 139180, 100, 695.40
2026/07/30 10:00:38.654, 7, 139180, 99, 697.93
2026/07/30 10:00:40.974, 6, 139180, 96, 692.51
2026/07/30 10:00:40.979, 7, 139180, 96, 693.66
2026/07/30 10:00:43.181, 6, 139180, 100, 692.09
2026/07/30 10:00:43.184, 7, 139180, 100, 697.01
2026/07/30 10:00:45.379, 6, 139180, 100, 688.40
2026/07/30 10:00:45.383, 7, 139180, 100, 695.29
2026/07/30 10:00:47.590, 6, 139180, 97, 694.57
2026/07/30 10:00:47.593, 7, 139180, 100, 694.83
2026/07/30 10:00:49.816, 6, 139180, 71, 672.78
2026/07/30 10:00:49.820, 7, 139180, 100, 674.83
2026/07/30 10:00:52.076, 6, 139180, 97, 693.38
2026/07/30 10:00:52.081, 7, 139180, 93, 693.00
2026/07/30 10:00:54.279, 6, 139180, 100, 689.72
2026/07/30 10:00:54.282, 7, 139180, 100, 692.97
2026/07/30 10:00:56.484, 6, 139180, 100, 691.67
2026/07/30 10:00:56.488, 7, 139180, 96, 693.66
2026/07/30 10:00:58.714, 6, 139180, 90, 694.53
2026/07/30 10:00:58.717, 7, 139180, 99, 688.13
2026/07/30 10:01:00.916, 6, 139180, 100, 691.19
2026/07/30 10:01:00.919, 7, 139180, 100, 692.22
2026/07/30 10:01:03.178, 6, 139180, 97, 693.59
2026/07/30 10:01:03.181, 7, 139180, 94, 691.63
2026/07/30 10:01:05.367, 6, 139180, 99, 677.52
2026/07/30 10:01:05.371, 7, 139180, 91, 672.08
2026/07/30 10:01:07.578, 6, 139180, 100, 694.70
2026/07/30 10:01:07.582, 7, 139180, 100, 689.49
2026/07/30 10:01:09.794, 6, 139180, 97, 695.25
2026/07/30 10:01:09.797, 7, 139180, 90, 693.53
2026/07/30 10:01:11.978, 6, 139180, 99, 695.26
2026/07/30 10:01:11.982, 7, 139180, 98, 693.47
2026/07/30 10:01:14.220, 6, 139180, 100, 681.93
2026/07/30 10:01:14.224, 7, 139180, 100, 679.89
2026/07/30 10:01:16.458, 6, 139180, 99, 691.40
2026/07/30 10:01:16.462, 7, 139180, 83, 697.98
2026/07/30 10:01:18.878, 6, 139180, 100, 690.74
2026/07/30 10:01:18.901, 7, 139180, 100, 694.53
2026/07/30 10:01:21.152, 6, 139180, 79, 649.23
2026/07/30 10:01:21.159, 7, 139180, 100, 669.15
2026/07/30 10:01:23.463, 6, 139180, 100, 686.72
2026/07/30 10:01:23.466, 7, 139180, 100, 686.65
2026/07/30 10:01:25.675, 6, 139180, 88, 692.64
2026/07/30 10:01:25.678, 7, 139180, 98, 703.21
2026/07/30 10:01:27.877, 6, 139180, 100, 695.04
2026/07/30 10:01:27.880, 7, 139180, 100, 693.49
2026/07/30 10:01:30.063, 6, 139180, 100, 694.57
2026/07/30 10:01:30.066, 7, 139180, 100, 686.70
2026/07/30 10:01:32.259, 6, 139180, 84, 692.70
2026/07/30 10:01:32.262, 7, 139180, 99, 696.26
2026/07/30 10:01:34.452, 6, 139180, 100, 695.55
2026/07/30 10:01:34.455, 7, 139180, 99, 692.91
2026/07/30 10:01:36.671, 6, 139180, 100, 686.91
2026/07/30 10:01:36.674, 7, 139180, 100, 689.20
2026/07/30 10:01:38.869, 6, 139180, 84, 640.30
2026/07/30 10:01:38.873, 7, 139180, 87, 621.37
2026/07/30 10:01:41.116, 6, 139180, 99, 682.20
2026/07/30 10:01:41.120, 7, 139180, 90, 673.17
2026/07/30 10:01:43.307, 6, 139180, 100, 691.61
2026/07/30 10:01:43.310, 7, 139180, 100, 694.75
2026/07/30 10:01:45.503, 6, 139180, 100, 690.51
2026/07/30 10:01:45.506, 7, 139180, 97, 690.26
2026/07/30 10:01:47.813, 6, 139180, 100, 691.16
2026/07/30 10:01:47.816, 7, 139180, 100, 694.08
2026/07/30 10:01:50.037, 6, 139180, 100, 692.11
2026/07/30 10:01:50.046, 7, 139180, 100, 687.41
2026/07/30 10:01:52.312, 6, 139180, 51, 583.03
2026/07/30 10:01:52.338, 7, 139180, 100, 637.49
2026/07/30 10:01:54.521, 6, 139180, 97, 696.52
2026/07/30 10:01:54.525, 7, 139180, 92, 700.16
2026/07/30 10:01:56.754, 6, 139180, 100, 693.40
2026/07/30 10:01:56.757, 7, 139180, 100, 696.23
2026/07/30 10:01:58.985, 6, 139180, 100, 696.28
2026/07/30 10:01:58.988, 7, 139180, 100, 692.08
2026/07/30 10:02:01.233, 6, 139180, 100, 690.00
2026/07/30 10:02:01.236, 7, 139180, 90, 693.14
2026/07/30 10:02:03.429, 6, 139180, 100, 692.29
2026/07/30 10:02:03.433, 7, 139180, 100, 692.84
2026/07/30 10:02:05.634, 6, 139180, 100, 691.40
2026/07/30 10:02:05.638, 7, 139180, 92, 688.84
2026/07/30 10:02:07.822, 6, 139180, 98, 688.89
2026/07/30 10:02:07.826, 7, 139180, 100, 693.16
2026/07/30 10:02:10.020, 6, 139180, 100, 687.55
2026/07/30 10:02:10.024, 7, 139180, 100, 689.11
2026/07/30 10:02:12.293, 6, 139180, 100, 657.47
2026/07/30 10:02:12.315, 7, 139180, 54, 625.05
2026/07/30 10:02:14.815, 6, 139180, 87, 684.97
2026/07/30 10:02:14.819, 7, 139180, 83, 663.52
2026/07/30 10:02:17.324, 6, 139180, 100, 695.95
2026/07/30 10:02:17.331, 7, 139180, 100, 687.37
2026/07/30 10:02:19.723, 6, 139180, 91, 695.34
2026/07/30 10:02:19.732, 7, 139180, 92, 697.60
2026/07/30 10:02:22.036, 6, 139180, 100, 692.93
2026/07/30 10:02:22.043, 7, 139180, 100, 696.02
2026/07/30 10:02:24.361, 6, 139180, 100, 659.02
2026/07/30 10:02:24.369, 7, 139180, 100, 656.45
2026/07/30 10:02:26.746, 6, 139180, 97, 699.47
2026/07/30 10:02:26.758, 7, 139180, 89, 697.50
2026/07/30 10:02:29.080, 6, 139180, 100, 690.07
2026/07/30 10:02:29.087, 7, 139180, 100, 691.49
2026/07/30 10:02:31.374, 6, 139180, 91, 689.03
2026/07/30 10:02:31.380, 7, 139180, 98, 693.77
2026/07/30 10:02:33.671, 6, 139180, 100, 695.01
2026/07/30 10:02:33.677, 7, 139180, 100, 692.40
2026/07/30 10:02:35.986, 6, 139180, 89, 696.28
2026/07/30 10:02:35.993, 7, 139180, 95, 693.65
2026/07/30 10:02:38.240, 6, 139180, 100, 689.42
2026/07/30 10:02:38.243, 7, 139180, 100, 690.44
2026/07/30 10:02:40.485, 6, 139180, 100, 691.89
2026/07/30 10:02:40.489, 7, 139180, 99, 682.71
2026/07/30 10:02:42.705, 6, 139180, 98, 696.97
2026/07/30 10:02:42.709, 7, 139180, 94, 703.94
2026/07/30 10:02:44.959, 6, 139180, 100, 692.04
2026/07/30 10:02:44.962, 7, 139180, 100, 693.27
2026/07/30 10:02:47.206, 6, 139180, 100, 696.97
2026/07/30 10:02:47.209, 7, 139180, 100, 692.24
2026/07/30 10:02:49.424, 6, 139180, 79, 677.08
2026/07/30 10:02:49.429, 7, 139180, 95, 687.95
2026/07/30 10:02:51.656, 6, 139180, 100, 694.92
2026/07/30 10:02:51.659, 7, 139180, 100, 694.27
2026/07/30 10:02:53.862, 6, 139180, 100, 674.51
2026/07/30 10:02:53.866, 7, 139180, 100, 673.60
2026/07/30 10:02:56.045, 6, 139180, 100, 686.25
2026/07/30 10:02:56.048, 7, 139180, 100, 691.55
2026/07/30 10:02:58.294, 6, 139180, 96, 695.88
2026/07/30 10:02:58.297, 7, 139180, 88, 693.42
2026/07/30 10:03:00.489, 6, 139180, 100, 692.95
2026/07/30 10:03:00.493, 7, 139180, 100, 692.64
2026/07/30 10:03:02.651, 6, 139180, 100, 696.62
2026/07/30 10:03:02.654, 7, 139180, 100, 692.04
2026/07/30 10:03:04.843, 6, 139180, 87, 687.14
2026/07/30 10:03:04.847, 7, 139180, 97, 699.27
2026/07/30 10:03:07.045, 6, 139180, 100, 694.92
2026/07/30 10:03:07.049, 7, 139180, 96, 692.94
2026/07/30 10:03:09.249, 6, 139180, 100, 682.50
2026/07/30 10:03:09.252, 7, 139180, 100, 690.21
2026/07/30 10:03:11.496, 6, 139180, 96, 693.96
2026/07/30 10:03:11.500, 7, 139180, 92, 691.08
2026/07/30 10:03:13.736, 6, 139180, 100, 692.69
2026/07/30 10:03:13.740, 7, 139180, 100, 691.34
2026/07/30 10:03:16.021, 6, 139180, 91, 695.55
2026/07/30 10:03:16.024, 7, 139180, 100, 694.46
2026/07/30 10:03:18.263, 6, 139180, 100, 688.87
2026/07/30 10:03:18.268, 7, 139180, 100, 690.46
2026/07/30 10:03:20.610, 6, 139180, 100, 673.50
2026/07/30 10:03:20.614, 7, 139180, 80, 672.94
2026/07/30 10:03:22.824, 6, 139180, 96, 689.08
2026/07/30 10:03:22.827, 7, 139340, 94, 689.26
2026/07/30 10:03:25.258, 6, 139180, 83, 573.43
2026/07/30 10:03:25.271, 7, 139340, 86, 582.53
2026/07/30 10:03:27.509, 6, 139180, 100, 693.06
2026/07/30 10:03:27.515, 7, 139340, 100, 689.78
2026/07/30 10:03:29.694, 6, 139180, 100, 691.54
2026/07/30 10:03:29.724, 7, 139340, 100, 689.09
2026/07/30 10:03:31.896, 6, 139180, 88, 694.02
2026/07/30 10:03:31.899, 7, 139340, 89, 698.60
2026/07/30 10:03:34.148, 6, 139180, 100, 689.16
2026/07/30 10:03:34.152, 7, 139340, 100, 693.17
2026/07/30 10:03:36.336, 6, 139180, 97, 681.33
2026/07/30 10:03:36.339, 7, 139340, 100, 690.41
2026/07/30 10:03:38.531, 6, 139180, 97, 694.79
2026/07/30 10:03:38.534, 7, 139340, 96, 691.45
2026/07/30 10:03:40.719, 6, 139180, 100, 697.43
2026/07/30 10:03:40.723, 7, 139340, 100, 693.49
2026/07/30 10:03:42.881, 6, 139180, 100, 682.67
2026/07/30 10:03:42.884, 7, 139340, 100, 679.73
2026/07/30 10:03:45.073, 6, 139180, 99, 695.45
2026/07/30 10:03:45.077, 7, 139340, 91, 692.76
2026/07/30 10:03:47.286, 6, 139180, 100, 693.48
2026/07/30 10:03:47.290, 7, 139340, 100, 692.34
2026/07/30 10:03:49.530, 6, 139180, 100, 685.28
2026/07/30 10:03:49.534, 7, 139340, 88, 672.80
2026/07/30 10:03:51.749, 6, 139180, 100, 688.75
2026/07/30 10:03:51.752, 7, 139340, 100, 680.01
2026/07/30 10:03:53.946, 6, 139180, 99, 690.52
2026/07/30 10:03:53.949, 7, 139340, 92, 695.08
2026/07/30 10:03:56.201, 6, 139180, 99, 605.23
2026/07/30 10:03:56.205, 7, 139340, 96, 603.00
2026/07/30 10:03:58.393, 6, 139180, 100, 690.31
2026/07/30 10:03:58.397, 7, 139340, 100, 692.80
2026/07/30 10:04:00.586, 6, 139180, 100, 692.98
2026/07/30 10:04:00.589, 7, 139340, 100, 689.01
2026/07/30 10:04:02.755, 6, 139180, 97, 694.44
2026/07/30 10:04:02.758, 7, 139340, 90, 695.01
2026/07/30 10:04:04.968, 6, 139180, 100, 691.39
2026/07/30 10:04:04.974, 7, 139340, 100, 692.71
2026/07/30 10:04:07.181, 6, 139180, 100, 693.23
2026/07/30 10:04:07.185, 7, 139340, 100, 697.29
2026/07/30 10:04:09.415, 6, 139180, 99, 541.97
2026/07/30 10:04:09.418, 7, 139340, 0, 528.41
2026/07/30 10:04:11.685, 6, 139180, 100, 694.65
2026/07/30 10:04:11.693, 7, 139340, 91, 702.23
2026/07/30 10:04:13.908, 6, 139180, 100, 696.28
2026/07/30 10:04:13.911, 7, 139340, 100, 695.70
2026/07/30 10:04:16.098, 6, 139180, 100, 689.29
2026/07/30 10:04:16.101, 7, 139340, 99, 684.04
2026/07/30 10:04:18.289, 6, 139180, 100, 692.78
2026/07/30 10:04:18.292, 7, 139340, 91, 691.24
2026/07/30 10:04:20.551, 6, 139180, 98, 640.28
2026/07/30 10:04:20.556, 7, 139340, 94, 640.00
2026/07/30 10:04:22.759, 6, 139180, 84, 636.66
2026/07/30 10:04:22.763, 7, 139340, 96, 647.45
2026/07/30 10:04:24.990, 6, 139180, 100, 680.10
2026/07/30 10:04:25.011, 7, 139340, 100, 683.73
2026/07/30 10:04:27.212, 6, 139180, 91, 697.51
2026/07/30 10:04:27.215, 7, 139340, 99, 696.17
2026/07/30 10:04:29.408, 6, 139180, 100, 689.03
2026/07/30 10:04:29.412, 7, 139340, 100, 692.80
2026/07/30 10:04:31.614, 6, 139180, 97, 693.06
2026/07/30 10:04:31.618, 7, 139340, 100, 682.73
2026/07/30 10:04:33.816, 6, 139180, 97, 695.85
2026/07/30 10:04:33.819, 7, 139340, 90, 694.67
2026/07/30 10:04:36.082, 6, 139180, 100, 689.84
2026/07/30 10:04:36.086, 7, 139340, 100, 690.28
2026/07/30 10:04:38.265, 6, 139180, 97, 697.35
2026/07/30 10:04:38.268, 7, 139340, 100, 696.19
2026/07/30 10:04:40.473, 6, 139180, 61, 585.73
2026/07/30 10:04:40.476, 7, 139340, 99, 596.31
2026/07/30 10:04:42.650, 6, 139180, 93, 695.70
2026/07/30 10:04:42.653, 7, 139340, 96, 696.82
2026/07/30 10:04:44.836, 6, 139180, 100, 696.25
2026/07/30 10:04:44.840, 7, 139340, 100, 696.90
2026/07/30 10:04:47.037, 6, 139180, 97, 690.60
2026/07/30 10:04:47.040, 7, 139340, 93, 690.13
2026/07/30 10:04:49.225, 6, 139180, 100, 691.69
2026/07/30 10:04:49.229, 7, 139340, 98, 690.42
2026/07/30 10:04:51.429, 6, 139180, 100, 646.23
2026/07/30 10:04:51.433, 7, 139340, 100, 658.83
2026/07/30 10:04:53.621, 6, 139180, 100, 653.51
2026/07/30 10:04:53.624, 7, 139340, 100, 650.19
2026/07/30 10:04:55.808, 6, 139180, 96, 687.62
2026/07/30 10:04:55.812, 7, 139340, 100, 678.68
2026/07/30 10:04:58.014, 6, 139180, 97, 687.48
2026/07/30 10:04:58.018, 7, 139340, 81, 683.51
2026/07/30 10:05:00.215, 6, 139180, 100, 689.82
2026/07/30 10:05:00.219, 7, 139340, 100, 691.78
2026/07/30 10:05:02.455, 6, 139200, 100, 682.99
2026/07/30 10:05:02.458, 7, 139340, 100, 674.72
2026/07/30 10:05:04.665, 6, 139200, 97, 696.83
2026/07/30 10:05:04.671, 7, 139340, 93, 696.49
2026/07/30 10:05:06.847, 6, 139200, 100, 692.90
2026/07/30 10:05:06.850, 7, 139340, 100, 690.86
2026/07/30 10:05:09.042, 6, 139200, 97, 691.60
2026/07/30 10:05:09.045, 7, 139340, 100, 693.54
2026/07/30 10:05:11.318, 6, 139200, 52, 587.14
2026/07/30 10:05:11.321, 7, 139340, 55, 599.15
2026/07/30 10:05:13.513, 6, 139200, 95, 697.43
2026/07/30 10:05:13.516, 7, 139340, 99, 697.38
2026/07/30 10:05:15.718, 6, 139200, 100, 694.71
2026/07/30 10:05:15.721, 7, 139340, 100, 692.52
2026/07/30 10:05:17.999, 6, 139200, 97, 664.95
2026/07/30 10:05:18.007, 7, 139340, 75, 661.91
2026/07/30 10:05:20.213, 6, 139200, 100, 691.61
2026/07/30 10:05:20.216, 7, 139340, 94, 693.40
2026/07/30 10:05:22.459, 6, 139200, 100, 655.48
2026/07/30 10:05:22.464, 7, 139340, 100, 641.76
2026/07/30 10:05:24.789, 6, 139200, 100, 688.54
2026/07/30 10:05:24.796, 7, 139340, 100, 689.41
2026/07/30 10:05:26.989, 6, 139200, 99, 695.53
2026/07/30 10:05:26.995, 7, 139340, 82, 692.61
2026/07/30 10:05:29.188, 6, 139200, 100, 694.81
2026/07/30 10:05:29.191, 7, 139340, 100, 694.83
2026/07/30 10:05:31.379, 6, 139200, 94, 691.00
2026/07/30 10:05:31.383, 7, 139340, 95, 689.40
2026/07/30 10:05:33.553, 6, 139200, 88, 692.26
2026/07/30 10:05:33.556, 7, 139340, 99, 699.11
2026/07/30 10:05:35.757, 6, 139200, 100, 692.61
2026/07/30 10:05:35.760, 7, 139340, 100, 691.16
2026/07/30 10:05:37.973, 6, 139200, 100, 690.87
2026/07/30 10:05:37.976, 7, 139340, 100, 695.82
2026/07/30 10:05:40.172, 6, 139200, 100, 697.09
2026/07/30 10:05:40.176, 7, 139340, 94, 695.32
2026/07/30 10:05:42.350, 6, 139200, 83, 583.49
2026/07/30 10:05:42.353, 7, 139340, 97, 591.19
2026/07/30 10:05:44.591, 6, 139200, 100, 691.29
2026/07/30 10:05:44.594, 7, 139340, 100, 694.10
2026/07/30 10:05:46.778, 6, 139200, 100, 691.22
2026/07/30 10:05:46.782, 7, 139340, 100, 693.60
2026/07/30 10:05:49.040, 6, 139200, 96, 696.09
2026/07/30 10:05:49.043, 7, 139340, 87, 691.26
2026/07/30 10:05:51.249, 6, 139200, 100, 694.50
2026/07/30 10:05:51.253, 7, 139340, 100, 692.12
2026/07/30 10:05:53.500, 6, 139200, 97, 678.40
2026/07/30 10:05:53.504, 7, 139340, 100, 674.54
2026/07/30 10:05:55.698, 6, 139200, 92, 693.80
2026/07/30 10:05:55.702, 7, 139340, 98, 697.33
2026/07/30 10:05:57.888, 6, 139200, 100, 695.00
2026/07/30 10:05:57.891, 7, 139340, 100, 695.97
2026/07/30 10:06:00.183, 6, 139200, 100, 687.48
2026/07/30 10:06:00.187, 7, 139340, 100, 679.66
2026/07/30 10:06:02.372, 6, 139200, 89, 695.47
2026/07/30 10:06:02.376, 7, 139340, 99, 700.75
2026/07/30 10:06:04.562, 6, 139200, 100, 694.88
2026/07/30 10:06:04.566, 7, 139340, 100, 694.53
2026/07/30 10:06:06.757, 6, 139200, 100, 696.76
2026/07/30 10:06:06.761, 7, 139340, 100, 690.95
2026/07/30 10:06:08.956, 6, 139200, 88, 691.45
2026/07/30 10:06:08.959, 7, 139340, 100, 696.39
2026/07/30 10:06:11.169, 6, 139200, 100, 692.38
2026/07/30 10:06:11.172, 7, 139340, 100, 695.47
2026/07/30 10:06:13.374, 6, 139200, 100, 612.66
2026/07/30 10:06:13.381, 7, 139340, 100, 635.53
2026/07/30 10:06:15.587, 6, 139200, 96, 680.32
2026/07/30 10:06:15.590, 7, 139340, 93, 690.57
2026/07/30 10:06:17.807, 6, 139200, 95, 693.12
2026/07/30 10:06:17.810, 7, 139340, 99, 693.25
2026/07/30 10:06:20.008, 6, 139200, 100, 691.19
2026/07/30 10:06:20.012, 7, 139340, 100, 696.79
2026/07/30 10:06:22.175, 6, 139200, 100, 693.90
2026/07/30 10:06:22.178, 7, 139340, 100, 690.26
2026/07/30 10:06:24.347, 6, 139200, 94, 666.65
2026/07/30 10:06:24.350, 7, 139340, 64, 659.19
2026/07/30 10:06:26.535, 6, 139200, 94, 694.54
2026/07/30 10:06:26.538, 7, 139340, 100, 698.19
2026/07/30 10:06:28.865, 6, 139200, 100, 690.05
2026/07/30 10:06:28.868, 7, 139340, 100, 691.85
2026/07/30 10:06:31.051, 6, 139200, 100, 692.54
2026/07/30 10:06:31.054, 7, 139340, 97, 696.03
2026/07/30 10:06:33.252, 6, 139200, 100, 690.26
2026/07/30 10:06:33.256, 7, 139340, 94, 696.40
2026/07/30 10:06:35.429, 6, 139200, 100, 689.20
2026/07/30 10:06:35.434, 7, 139340, 100, 690.70
2026/07/30 10:06:37.666, 6, 139200, 100, 694.46
2026/07/30 10:06:37.670, 7, 139340, 92, 694.63
2026/07/30 10:06:39.863, 6, 139200, 100, 696.26
2026/07/30 10:06:39.866, 7, 139340, 100, 692.14
2026/07/30 10:06:42.047, 6, 139200, 100, 684.72
2026/07/30 10:06:42.051, 7, 139340, 100, 680.58
2026/07/30 10:06:44.257, 6, 139200, 100, 657.04
2026/07/30 10:06:44.261, 7, 139340, 100, 651.49
2026/07/30 10:06:46.451, 6, 139200, 97, 694.27
2026/07/30 10:06:46.455, 7, 139340, 96, 697.60
2026/07/30 10:06:48.661, 6, 139200, 100, 697.99
2026/07/30 10:06:48.664, 7, 139340, 100, 694.31
2026/07/30 10:06:50.877, 6, 139200, 100, 682.53
2026/07/30 10:06:50.880, 7, 139340, 100, 693.01
2026/07/30 10:06:53.051, 6, 139200, 98, 691.31
2026/07/30 10:06:53.054, 7, 139340, 93, 697.20
2026/07/30 10:06:55.286, 6, 139200, 99, 689.62
2026/07/30 10:06:55.296, 7, 139340, 75, 690.14
2026/07/30 10:06:57.605, 6, 139200, 100, 692.93
2026/07/30 10:06:57.609, 7, 139340, 100, 690.30
2026/07/30 10:06:59.798, 6, 139200, 96, 692.23
2026/07/30 10:06:59.801, 7, 139340, 94, 690.33
2026/07/30 10:07:02.072, 6, 139200, 98, 689.39
2026/07/30 10:07:02.076, 7, 139340, 98, 696.57
2026/07/30 10:07:04.291, 6, 139200, 100, 692.66
2026/07/30 10:07:04.294, 7, 139340, 100, 691.29
2026/07/30 10:07:06.468, 6, 139200, 97, 698.60
2026/07/30 10:07:06.471, 7, 139340, 90, 694.65
2026/07/30 10:07:08.669, 6, 139200, 99, 694.21
2026/07/30 10:07:08.672, 7, 139340, 100, 695.33
2026/07/30 10:07:10.887, 6, 139200, 100, 689.47
2026/07/30 10:07:10.891, 7, 139340, 100, 692.23
2026/07/30 10:07:13.071, 6, 139200, 95, 692.61
2026/07/30 10:07:13.075, 7, 139340, 100, 695.04
2026/07/30 10:07:15.271, 6, 139200, 100, 700.70
2026/07/30 10:07:15.274, 7, 139340, 100, 697.09
2026/07/30 10:07:17.460, 6, 139200, 100, 693.35
2026/07/30 10:07:17.463, 7, 139340, 90, 694.33
2026/07/30 10:07:19.689, 6, 139200, 100, 692.38
2026/07/30 10:07:19.692, 7, 139340, 100, 694.06
2026/07/30 10:07:21.888, 6, 139200, 97, 694.08
2026/07/30 10:07:21.891, 7, 139340, 92, 691.45
2026/07/30 10:07:24.162, 6, 139200, 100, 691.56
2026/07/30 10:07:24.166, 7, 139340, 98, 689.65
2026/07/30 10:07:26.446, 6, 139200, 95, 678.24
2026/07/30 10:07:26.451, 7, 139340, 100, 689.79
2026/07/30 10:07:28.688, 6, 139200, 100, 678.62
2026/07/30 10:07:28.691, 7, 139340, 100, 685.59
2026/07/30 10:07:30.861, 6, 139200, 91, 696.54
2026/07/30 10:07:30.865, 7, 139340, 96, 697.01
2026/07/30 10:07:33.046, 6, 139200, 100, 689.62
2026/07/30 10:07:33.050, 7, 139340, 99, 692.42
2026/07/30 10:07:35.246, 6, 139200, 100, 684.50
2026/07/30 10:07:35.249, 7, 139340, 100, 694.40
2026/07/30 10:07:37.455, 6, 139200, 92, 691.21
2026/07/30 10:07:37.459, 7, 139340, 92, 696.57
2026/07/30 10:07:39.672, 6, 139200, 100, 693.46
2026/07/30 10:07:39.676, 7, 139340, 100, 693.64
2026/07/30 10:07:41.871, 6, 139200, 100, 691.09
2026/07/30 10:07:41.875, 7, 139340, 100, 693.60
2026/07/30 10:07:44.135, 6, 139200, 91, 693.99
2026/07/30 10:07:44.138, 7, 139340, 91, 695.52
2026/07/30 10:07:46.373, 6, 139200, 99, 693.10
2026/07/30 10:07:46.377, 7, 139340, 100, 693.14
2026/07/30 10:07:48.577, 6, 139200, 100, 692.58
2026/07/30 10:07:48.580, 7, 139340, 100, 693.71
2026/07/30 10:07:50.815, 6, 139200, 88, 693.96
2026/07/30 10:07:50.818, 7, 139340, 99, 693.59
2026/07/30 10:07:52.985, 6, 139200, 100, 694.89
2026/07/30 10:07:52.989, 7, 139340, 99, 690.48
2026/07/30 10:07:55.259, 6, 139200, 99, 693.11
2026/07/30 10:07:55.263, 7, 139340, 100, 690.40
2026/07/30 10:07:57.517, 6, 139200, 100, 683.48
2026/07/30 10:07:57.521, 7, 139340, 92, 672.33
2026/07/30 10:07:59.718, 6, 139200, 91, 694.81
2026/07/30 10:07:59.722, 7, 139340, 100, 694.80
2026/07/30 10:08:01.919, 6, 139200, 100, 692.78
2026/07/30 10:08:01.922, 7, 139340, 100, 692.51
2026/07/30 10:08:04.118, 6, 139200, 100, 695.49
2026/07/30 10:08:04.123, 7, 139340, 100, 689.68
2026/07/30 10:08:06.315, 6, 139200, 99, 694.41
2026/07/30 10:08:06.318, 7, 139340, 93, 696.82
2026/07/30 10:08:08.505, 6, 139200, 100, 689.57
2026/07/30 10:08:08.508, 7, 139340, 100, 692.78
2026/07/30 10:08:10.709, 6, 139200, 100, 687.78
2026/07/30 10:08:10.713, 7, 139340, 96, 674.63
2026/07/30 10:08:12.914, 6, 139200, 100, 700.20
2026/07/30 10:08:12.918, 7, 139340, 95, 695.00
2026/07/30 10:08:15.119, 6, 139200, 100, 692.40
2026/07/30 10:08:15.123, 7, 139340, 100, 691.62
2026/07/30 10:08:17.311, 6, 139200, 100, 693.26
2026/07/30 10:08:17.314, 7, 139340, 100, 695.93
2026/07/30 10:08:19.505, 6, 139200, 100, 689.60
2026/07/30 10:08:19.509, 7, 139340, 100, 688.08
2026/07/30 10:08:21.847, 6, 139200, 99, 695.99
2026/07/30 10:08:21.859, 7, 139340, 99, 693.36
2026/07/30 10:08:24.091, 6, 139200, 100, 693.06
2026/07/30 10:08:24.095, 7, 139340, 100, 689.29
2026/07/30 10:08:26.332, 6, 139200, 93, 637.93
2026/07/30 10:08:26.335, 7, 139340, 62, 635.90
2026/07/30 10:08:28.526, 6, 139200, 96, 687.43
2026/07/30 10:08:28.529, 7, 139340, 86, 655.22
2026/07/30 10:08:30.696, 6, 139200, 97, 691.18
2026/07/30 10:08:30.699, 7, 139340, 100, 696.77
2026/07/30 10:08:32.937, 6, 139200, 100, 693.76
2026/07/30 10:08:32.941, 7, 139340, 100, 691.47
2026/07/30 10:08:35.149, 6, 139200, 79, 672.05
2026/07/30 10:08:35.153, 7, 139340, 97, 669.68
2026/07/30 10:08:37.348, 6, 139200, 100, 694.15
2026/07/30 10:08:37.352, 7, 139340, 100, 692.93
2026/07/30 10:08:39.560, 6, 139200, 100, 683.66
2026/07/30 10:08:39.564, 7, 139340, 100, 689.94
2026/07/30 10:08:41.774, 6, 139200, 92, 698.72
2026/07/30 10:08:41.778, 7, 139340, 93, 697.25
2026/07/30 10:08:43.977, 6, 139200, 98, 692.57
2026/07/30 10:08:43.980, 7, 139340, 100, 695.49
2026/07/30 10:08:46.169, 6, 139200, 100, 688.11
2026/07/30 10:08:46.173, 7, 139340, 100, 689.13
2026/07/30 10:08:48.459, 6, 139200, 84, 666.45
2026/07/30 10:08:48.466, 7, 139340, 97, 669.26
2026/07/30 10:08:50.711, 6, 139200, 100, 691.37
2026/07/30 10:08:50.714, 7, 139340, 100, 695.13
2026/07/30 10:08:52.969, 6, 139200, 99, 693.64
2026/07/30 10:08:52.972, 7, 139340, 91, 696.19
2026/07/30 10:08:55.221, 6, 139200, 100, 695.02
2026/07/30 10:08:55.226, 7, 139340, 100, 697.21
2026/07/30 10:08:57.448, 6, 139200, 100, 694.90
2026/07/30 10:08:57.451, 7, 139340, 97, 685.22
2026/07/30 10:08:59.681, 6, 139200, 93, 693.03
2026/07/30 10:08:59.684, 7, 139340, 100, 694.03
2026/07/30 10:09:01.864, 6, 139200, 100, 691.01
2026/07/30 10:09:01.867, 7, 139340, 100, 693.87
2026/07/30 10:09:04.098, 6, 139200, 100, 696.78
2026/07/30 10:09:04.107, 7, 139340, 94, 690.71
2026/07/30 10:09:06.349, 6, 139200, 95, 691.30
2026/07/30 10:09:06.352, 7, 139340, 97, 696.60
2026/07/30 10:09:08.543, 6, 139200, 100, 692.69
2026/07/30 10:09:08.547, 7, 139340, 100, 690.85
2026/07/30 10:09:10.743, 6, 139200, 97, 691.85
2026/07/30 10:09:10.747, 7, 139340, 93, 690.52
2026/07/30 10:09:12.943, 6, 139200, 100, 691.88
2026/07/30 10:09:12.947, 7, 139340, 100, 691.96
2026/07/30 10:09:15.153, 6, 139200, 100, 693.55
2026/07/30 10:09:15.156, 7, 139340, 100, 685.48
2026/07/30 10:09:17.361, 6, 139200, 100, 658.62
2026/07/30 10:09:17.364, 7, 139340, 71, 643.46
2026/07/30 10:09:19.641, 6, 139200, 90, 696.06
2026/07/30 10:09:19.645, 7, 139340, 98, 694.95
2026/07/30 10:09:21.955, 6, 139200, 87, 679.08
2026/07/30 10:09:21.976, 7, 139340, 96, 689.46
2026/07/30 10:09:24.385, 6, 139200, 100, 674.58
2026/07/30 10:09:24.394, 7, 139340, 100, 667.21
2026/07/30 10:09:26.727, 6, 139200, 100, 645.83
2026/07/30 10:09:26.742, 7, 139340, 97, 670.19
2026/07/30 10:09:28.945, 6, 139200, 93, 697.72
2026/07/30 10:09:28.949, 7, 139340, 96, 698.07
2026/07/30 10:09:31.155, 6, 139200, 96, 694.54
2026/07/30 10:09:31.158, 7, 139340, 100, 692.44
2026/07/30 10:09:33.355, 6, 139200, 100, 678.83
2026/07/30 10:09:33.363, 7, 139340, 100, 685.90
2026/07/30 10:09:35.592, 6, 139200, 91, 694.18
2026/07/30 10:09:35.595, 7, 139340, 96, 700.43
2026/07/30 10:09:37.811, 6, 139200, 100, 695.44
2026/07/30 10:09:37.814, 7, 139340, 100, 694.05
2026/07/30 10:09:40.015, 6, 139200, 96, 694.42
2026/07/30 10:09:40.021, 7, 139340, 92, 690.66
2026/07/30 10:09:42.208, 6, 139200, 93, 691.79
2026/07/30 10:09:42.211, 7, 139340, 100, 695.70
2026/07/30 10:09:44.397, 6, 139200, 100, 694.09
2026/07/30 10:09:44.400, 7, 139340, 100, 694.89
2026/07/30 10:09:46.656, 6, 139200, 95, 694.25
2026/07/30 10:09:46.660, 7, 139340, 89, 690.78
2026/07/30 10:09:48.908, 6, 139200, 51, 582.95
2026/07/30 10:09:48.913, 7, 139340, 50, 587.16
2026/07/30 10:09:51.132, 6, 139200, 86, 693.63
2026/07/30 10:09:51.135, 7, 139340, 99, 693.97
2026/07/30 10:09:53.403, 6, 139200, 100, 692.75
2026/07/30 10:09:53.407, 7, 139340, 100, 691.31
2026/07/30 10:09:55.614, 6, 139200, 93, 693.09
2026/07/30 10:09:55.617, 7, 139340, 95, 691.18
2026/07/30 10:09:57.891, 6, 139200, 95, 663.47
2026/07/30 10:09:57.895, 7, 139340, 100, 662.42
2026/07/30 10:10:00.115, 6, 139200, 100, 692.61
2026/07/30 10:10:00.118, 7, 139340, 100, 691.29
2026/07/30 10:10:02.317, 6, 139200, 97, 691.00
2026/07/30 10:10:02.320, 7, 139340, 94, 689.18
2026/07/30 10:10:04.512, 6, 139200, 100, 695.76
2026/07/30 10:10:04.516, 7, 139340, 97, 694.22
2026/07/30 10:10:06.716, 6, 139200, 100, 691.91
2026/07/30 10:10:06.719, 7, 139340, 100, 690.00
2026/07/30 10:10:08.913, 6, 139200, 97, 687.48
2026/07/30 10:10:08.916, 7, 139340, 89, 689.42
2026/07/30 10:10:11.104, 6, 139200, 100, 694.45
2026/07/30 10:10:11.107, 7, 139340, 99, 693.51
2026/07/30 10:10:13.318, 6, 139200, 100, 693.38
2026/07/30 10:10:13.322, 7, 139340, 100, 693.49
2026/07/30 10:10:15.517, 6, 139200, 100, 693.02
2026/07/30 10:10:15.520, 7, 139340, 90, 692.51
2026/07/30 10:10:17.718, 6, 139200, 99, 694.06
2026/07/30 10:10:17.724, 7, 139340, 100, 695.25
2026/07/30 10:10:19.925, 6, 139200, 100, 593.41
2026/07/30 10:10:19.928, 7, 139340, 94, 600.65
2026/07/30 10:10:22.188, 6, 139200, 100, 685.03
2026/07/30 10:10:22.191, 7, 139340, 100, 688.68
2026/07/30 10:10:24.380, 6, 139200, 97, 699.49
2026/07/30 10:10:24.383, 7, 139340, 93, 694.55
2026/07/30 10:10:26.765, 6, 139200, 100, 691.74
2026/07/30 10:10:26.770, 7, 139340, 100, 689.73
2026/07/30 10:10:29.096, 6, 139200, 88, 675.91
2026/07/30 10:10:29.113, 7, 139340, 81, 674.83
2026/07/30 10:10:31.334, 6, 139200, 97, 700.55
2026/07/30 10:10:31.337, 7, 139340, 92, 699.53
2026/07/30 10:10:33.523, 6, 139200, 100, 692.35
2026/07/30 10:10:33.527, 7, 139340, 100, 692.72
2026/07/30 10:10:35.765, 6, 139200, 98, 696.17
2026/07/30 10:10:35.768, 7, 139340, 100, 687.25
2026/07/30 10:10:37.961, 6, 139200, 99, 692.78
2026/07/30 10:10:37.964, 7, 139340, 91, 691.93
2026/07/30 10:10:40.165, 6, 139200, 100, 691.30
2026/07/30 10:10:40.168, 7, 139340, 100, 690.58
2026/07/30 10:10:42.327, 6, 139200, 100, 692.93
2026/07/30 10:10:42.330, 7, 139340, 97, 690.83
2026/07/30 10:10:44.527, 6, 139200, 99, 695.45
2026/07/30 10:10:44.530, 7, 139340, 95, 693.08
2026/07/30 10:10:46.717, 6, 139200, 100, 693.80
2026/07/30 10:10:46.721, 7, 139340, 100, 691.50
2026/07/30 10:10:48.904, 6, 139200, 97, 691.05
2026/07/30 10:10:48.907, 7, 139340, 94, 693.09
2026/07/30 10:10:51.115, 6, 139200, 100, 693.60
2026/07/30 10:10:51.121, 7, 139340, 100, 695.62
2026/07/30 10:10:53.310, 6, 139200, 93, 698.42
2026/07/30 10:10:53.313, 7, 139340, 94, 694.66
2026/07/30 10:10:55.501, 6, 139200, 100, 694.96
2026/07/30 10:10:55.504, 7, 139340, 100, 691.71
2026/07/30 10:10:57.685, 6, 139200, 97, 693.75
2026/07/30 10:10:57.691, 7, 139340, 91, 688.65
2026/07/30 10:10:59.858, 6, 139200, 100, 694.67
2026/07/30 10:10:59.862, 7, 139340, 98, 695.90
2026/07/30 10:11:02.058, 6, 139200, 100, 690.12
2026/07/30 10:11:02.061, 7, 139340, 100, 689.48
2026/07/30 10:11:04.265, 6, 139200, 95, 422.24
2026/07/30 10:11:04.270, 7, 139340, 53, 427.07
2026/07/30 10:11:06.456, 6, 139200, 100, 693.68
2026/07/30 10:11:06.459, 7, 139340, 100, 690.69
2026/07/30 10:11:08.647, 6, 139200, 100, 690.78
2026/07/30 10:11:08.650, 7, 139340, 100, 686.35
2026/07/30 10:11:10.841, 6, 139200, 99, 690.79
2026/07/30 10:11:10.844, 7, 139340, 89, 691.72
2026/07/30 10:11:13.003, 6, 139200, 100, 693.89
2026/07/30 10:11:13.006, 7, 139340, 100, 692.90
2026/07/30 10:11:15.223, 6, 139200, 97, 683.86
2026/07/30 10:11:15.229, 7, 139340, 92, 686.93
2026/07/30 10:11:17.416, 6, 139200, 91, 696.84
2026/07/30 10:11:17.419, 7, 139340, 98, 695.81
2026/07/30 10:11:19.610, 6, 139200, 99, 694.25
2026/07/30 10:11:19.613, 7, 139340, 100, 694.83
2026/07/30 10:11:21.874, 6, 139200, 97, 686.77
2026/07/30 10:11:21.878, 7, 139340, 94, 689.05
2026/07/30 10:11:24.068, 6, 139200, 96, 692.96
2026/07/30 10:11:24.071, 7, 139340, 90, 690.88
2026/07/30 10:11:26.265, 6, 139200, 100, 688.99
2026/07/30 10:11:26.269, 7, 139340, 100, 692.56
2026/07/30 10:11:28.453, 6, 139200, 97, 693.01
2026/07/30 10:11:28.456, 7, 139340, 100, 691.69
2026/07/30 10:11:30.649, 6, 139200, 100, 696.08
2026/07/30 10:11:30.655, 7, 139340, 97, 695.58
2026/07/30 10:11:32.816, 6, 139200, 100, 690.45
2026/07/30 10:11:32.819, 7, 139340, 100, 694.85
2026/07/30 10:11:35.011, 6, 139200, 100, 636.13
2026/07/30 10:11:35.014, 7, 139340, 100, 624.19
2026/07/30 10:11:37.205, 6, 139200, 100, 681.73
2026/07/30 10:11:37.208, 7, 139340, 100, 683.32
2026/07/30 10:11:39.407, 6, 139200, 92, 700.91
2026/07/30 10:11:39.410, 7, 139340, 96, 698.72
2026/07/30 10:11:41.624, 6, 139200, 100, 689.43
2026/07/30 10:11:41.628, 7, 139340, 100, 694.13
2026/07/30 10:11:43.821, 6, 139200, 97, 684.29
2026/07/30 10:11:43.824, 7, 139340, 100, 691.55
2026/07/30 10:11:46.016, 6, 139200, 93, 690.91
2026/07/30 10:11:46.019, 7, 139340, 100, 700.84
2026/07/30 10:11:48.207, 6, 139200, 100, 694.13
2026/07/30 10:11:48.211, 7, 139340, 100, 691.51
2026/07/30 10:11:50.411, 6, 139200, 96, 689.56
2026/07/30 10:11:50.414, 7, 139340, 97, 693.97
2026/07/30 10:11:52.586, 6, 139200, 87, 690.85
2026/07/30 10:11:52.590, 7, 139340, 98, 690.92
2026/07/30 10:11:54.807, 6, 139200, 93, 664.33
2026/07/30 10:11:54.810, 7, 139340, 100, 669.05
2026/07/30 10:11:56.981, 6, 139200, 100, 683.79
2026/07/30 10:11:56.985, 7, 139340, 100, 682.92
2026/07/30 10:11:59.161, 6, 139200, 91, 691.14
2026/07/30 10:11:59.164, 7, 139340, 98, 696.64
2026/07/30 10:12:01.338, 6, 139200, 100, 688.52
2026/07/30 10:12:01.341, 7, 139340, 100, 693.94
2026/07/30 10:12:03.535, 6, 139200, 97, 690.31
2026/07/30 10:12:03.539, 7, 139340, 100, 689.09
2026/07/30 10:12:05.735, 6, 139200, 100, 645.03
2026/07/30 10:12:05.741, 7, 139340, 100, 658.93
2026/07/30 10:12:07.957, 6, 139200, 94, 698.67
2026/07/30 10:12:07.963, 7, 139340, 90, 699.33
2026/07/30 10:12:10.156, 6, 139200, 99, 695.14
2026/07/30 10:12:10.159, 7, 139340, 100, 694.97
2026/07/30 10:12:12.354, 6, 139200, 100, 683.71
2026/07/30 10:12:12.357, 7, 139340, 100, 686.46
2026/07/30 10:12:14.559, 6, 139200, 97, 692.05
2026/07/30 10:12:14.562, 7, 139340, 90, 692.60
2026/07/30 10:12:16.748, 6, 139200, 100, 694.24
2026/07/30 10:12:16.752, 7, 139340, 100, 692.33
2026/07/30 10:12:18.959, 6, 139200, 100, 693.88
2026/07/30 10:12:18.962, 7, 139340, 100, 692.84
2026/07/30 10:12:21.190, 6, 139200, 88, 697.94
2026/07/30 10:12:21.197, 7, 139340, 99, 689.34
2026/07/30 10:12:23.395, 6, 139200, 100, 690.48
2026/07/30 10:12:23.399, 7, 139340, 100, 695.10
2026/07/30 10:12:25.589, 6, 139200, 97, 693.89
2026/07/30 10:12:25.593, 7, 139340, 100, 688.95
2026/07/30 10:12:27.771, 6, 139200, 99, 693.07
2026/07/30 10:12:27.774, 7, 139340, 84, 694.32
2026/07/30 10:12:29.958, 6, 139200, 100, 690.79
2026/07/30 10:12:29.961, 7, 139340, 100, 692.82
2026/07/30 10:12:32.136, 6, 139200, 100, 682.97
2026/07/30 10:12:32.142, 7, 139340, 100, 691.41
2026/07/30 10:12:34.324, 6, 139200, 85, 698.17
2026/07/30 10:12:34.328, 7, 139340, 98, 695.81
2026/07/30 10:12:36.511, 6, 139200, 9, 143.71
2026/07/30 10:12:36.519, 7, 139340, 100, 153.04
2026/07/30 10:12:38.703, 6, 139200, 8, 149.15
2026/07/30 10:12:38.706, 7, 139340, 100, 157.42
2026/07/30 10:12:40.873, 6, 139200, 9, 149.25
2026/07/30 10:12:40.876, 7, 139340, 100, 158.04
2026/07/30 10:12:43.054, 6, 139200, 8, 144.52
2026/07/30 10:12:43.057, 7, 139340, 100, 154.90
2026/07/30 10:12:45.254, 6, 139200, 6, 138.79
2026/07/30 10:12:45.257, 7, 139340, 100, 149.40
2026/07/30 10:12:56.048, 6, 139200, 0, 123.51
2026/07/30 10:12:56.053, 7, 139340, 100, 130.40
2026/07/30 10:12:58.237, 6, 139200, 0, 123.19
2026/07/30 10:12:58.239, 7, 139340, 100, 129.79
2026/07/30 10:13:00.403, 6, 139200, 0, 122.91
2026/07/30 10:13:00.405, 7, 139340, 100, 129.26
2026/07/30 10:13:02.532, 6, 139200, 0, 122.69
2026/07/30 10:13:02.534, 7, 139340, 100, 128.87
2026/07/30 10:13:04.692, 6, 139200, 0, 122.44
2026/07/30 10:13:04.694, 7, 139340, 100, 128.40
2026/07/30 10:13:06.848, 6, 139200, 0, 122.25
2026/07/30 10:13:06.850, 7, 139340, 100, 127.43
2026/07/30 10:13:09.017, 6, 139200, 1, 122.74
2026/07/30 10:13:09.019, 7, 139340, 7, 127.74
2026/07/30 10:13:11.176, 6, 139200, 8, 122.47
2026/07/30 10:13:11.179, 7, 139340, 8, 127.19
2026/07/30 10:13:13.362, 6, 139200, 0, 122.11
2026/07/30 10:13:13.364, 7, 139340, 0, 126.16
2026/07/30 10:13:15.516, 6, 139200, 0, 121.80
2026/07/30 10:13:15.518, 7, 139340, 8, 126.67
2026/07/30 10:13:17.691, 6, 139200, 9, 122.50
2026/07/30 10:13:17.692, 7, 139340, 0, 125.59
2026/07/30 10:13:19.873, 6, 139200, 0, 121.55
2026/07/30 10:13:19.875, 7, 139340, 8, 126.02
2026/07/30 10:13:22.035, 6, 139200, 9, 122.32
2026/07/30 10:13:22.037, 7, 139340, 0, 125.69
2026/07/30 10:13:24.205, 6, 139200, 0, 121.42
2026/07/30 10:13:24.207, 7, 139340, 0, 125.04
2026/07/30 10:13:26.368, 6, 139200, 8, 121.64
2026/07/30 10:13:26.370, 7, 139340, 8, 125.70
2026/07/30 10:13:28.544, 6, 139200, 4, 121.90
2026/07/30 10:13:28.546, 7, 139340, 0, 124.78
2026/07/30 10:13:30.702, 6, 139200, 0, 121.23
2026/07/30 10:13:30.703, 7, 139340, 8, 125.43
2026/07/30 10:13:32.834, 6, 139200, 9, 122.01
2026/07/30 10:13:32.836, 7, 139340, 0, 124.54
2026/07/30 10:13:34.999, 6, 139200, 0, 121.17
2026/07/30 10:13:35.004, 7, 139340, 0, 124.39
2026/07/30 10:13:37.148, 6, 139200, 8, 121.71
2026/07/30 10:13:37.150, 7, 139340, 8, 125.07
2026/07/30 10:13:39.321, 6, 139200, 0, 121.27
2026/07/30 10:13:39.323, 7, 139340, 0, 124.25
2026/07/30 10:13:41.483, 6, 139200, 0, 121.09
2026/07/30 10:13:41.485, 7, 139340, 0, 124.10
2026/07/30 10:13:43.642, 6, 139200, 8, 121.82
2026/07/30 10:13:43.644, 7, 139340, 8, 124.84
2026/07/30 10:13:45.805, 6, 139200, 0, 121.00
2026/07/30 10:13:45.807, 7, 139340, 0, 124.02
2026/07/30 10:13:47.973, 6, 139200, 0, 121.05
2026/07/30 10:13:47.975, 7, 139340, 0, 123.94
2026/07/30 10:13:50.166, 6, 139200, 0, 120.92
2026/07/30 10:13:50.168, 7, 139340, 0, 123.82
2026/07/30 10:13:52.302, 6, 139200, 0, 120.96
2026/07/30 10:13:52.303, 7, 139340, 0, 123.79
2026/07/30 10:13:54.469, 6, 139200, 0, 120.99
2026/07/30 10:13:54.471, 7, 139340, 0, 123.77
2026/07/30 10:13:56.627, 6, 139200, 0, 120.96
2026/07/30 10:13:56.629, 7, 139340, 0, 123.70
2026/07/30 10:13:58.770, 6, 139200, 0, 120.96
2026/07/30 10:13:58.772, 7, 139340, 0, 123.68
2026/07/30 10:14:00.948, 6, 139200, 0, 120.92
2026/07/30 10:14:00.949, 7, 139340, 0, 123.72
2026/07/30 10:14:03.095, 6, 139200, 0, 120.93
2026/07/30 10:14:03.097, 7, 139340, 0, 123.59
2026/07/30 10:14:05.256, 6, 139200, 8, 121.77
2026/07/30 10:14:05.258, 7, 139340, 8, 124.50
2026/07/30 10:14:07.412, 6, 139200, 0, 120.98
2026/07/30 10:14:07.414, 7, 139340, 0, 123.64
2026/07/30 10:14:09.569, 6, 139200, 8, 121.28
2026/07/30 10:14:09.570, 7, 139340, 8, 124.02
2026/07/30 10:14:11.740, 6, 139200, 0, 121.47
2026/07/30 10:14:11.742, 7, 139340, 0, 124.21
2026/07/30 10:14:13.889, 6, 139200, 0, 120.96
2026/07/30 10:14:13.891, 7, 139340, 0, 123.53
2026/07/30 10:14:16.052, 6, 139200, 8, 121.81
2026/07/30 10:14:16.054, 7, 139340, 8, 124.41
2026/07/30 10:14:18.215, 6, 139200, 0, 120.99
2026/07/30 10:14:18.217, 7, 139340, 0, 123.51
2026/07/30 10:14:20.381, 6, 139200, 0, 121.04
2026/07/30 10:14:20.383, 7, 139340, 0, 123.50
2026/07/30 10:14:22.529, 6, 139200, 8, 121.79
2026/07/30 10:14:22.531, 7, 139340, 9, 124.41
2026/07/30 10:14:24.725, 6, 139200, 0, 121.00
2026/07/30 10:14:24.731, 7, 139340, 0, 123.59
2026/07/30 10:14:26.941, 6, 139200, 8, 121.45
2026/07/30 10:14:26.943, 7, 139340, 9, 124.02
2026/07/30 10:14:29.104, 6, 139200, 0, 121.50
2026/07/30 10:14:29.106, 7, 139340, 0, 124.12
2026/07/30 10:14:31.265, 6, 139200, 0, 121.08
2026/07/30 10:14:31.267, 7, 139340, 0, 123.60
2026/07/30 10:14:33.437, 6, 139200, 8, 121.90
2026/07/30 10:14:33.439, 7, 139340, 9, 124.43
2026/07/30 10:14:35.599, 6, 139200, 0, 121.04
2026/07/30 10:14:35.602, 7, 139340, 0, 123.57
2026/07/30 10:14:37.754, 6, 139200, 0, 121.03
2026/07/30 10:14:37.756, 7, 139340, 0, 123.63
2026/07/30 10:14:39.910, 6, 139200, 8, 121.70
2026/07/30 10:14:39.912, 7, 139340, 8, 124.34
2026/07/30 10:14:42.100, 6, 139200, 6, 121.74
2026/07/30 10:14:42.101, 7, 139340, 8, 124.30
2026/07/30 10:14:44.258, 6, 139200, 0, 121.11
2026/07/30 10:14:44.260, 7, 139340, 0, 123.66
2026/07/30 10:14:46.416, 6, 139200, 8, 121.69
2026/07/30 10:14:46.418, 7, 139340, 9, 124.36
2026/07/30 10:14:48.572, 6, 139200, 0, 121.37
2026/07/30 10:14:48.574, 7, 139340, 0, 123.70
2026/07/30 10:14:50.720, 6, 139200, 0, 121.13
2026/07/30 10:14:50.722, 7, 139340, 3, 123.81
2026/07/30 10:14:52.853, 6, 139200, 8, 121.92
2026/07/30 10:14:52.855, 7, 139340, 7, 124.51
2026/07/30 10:14:55.019, 6, 139200, 0, 121.09
2026/07/30 10:14:55.021, 7, 139340, 0, 123.63
2026/07/30 10:14:57.184, 6, 139200, 8, 121.95
2026/07/30 10:14:57.186, 7, 139340, 8, 124.51
2026/07/30 10:14:59.345, 6, 139200, 0, 121.09
2026/07/30 10:14:59.347, 7, 139340, 0, 123.62
2026/07/30 10:15:01.506, 6, 139200, 8, 121.42
2026/07/30 10:15:01.509, 7, 139340, 8, 124.15
2026/07/30 10:15:03.651, 6, 139200, 1, 121.71
2026/07/30 10:15:03.653, 7, 139340, 0, 124.01
2026/07/30 10:15:05.807, 6, 139200, 0, 121.12
2026/07/30 10:15:05.809, 7, 139340, 0, 123.66
2026/07/30 10:15:07.970, 6, 139200, 8, 121.92
2026/07/30 10:15:07.972, 7, 139340, 8, 124.50
2026/07/30 10:15:10.130, 6, 139200, 0, 121.15
2026/07/30 10:15:10.132, 7, 139340, 0, 123.68
2026/07/30 10:15:12.277, 6, 139200, 8, 121.67
2026/07/30 10:15:12.279, 7, 139340, 8, 124.47
2026/07/30 10:15:14.455, 6, 139200, 0, 121.54
2026/07/30 10:15:14.457, 7, 139340, 0, 123.57
2026/07/30 10:15:16.633, 6, 139200, 0, 121.12
2026/07/30 10:15:16.635, 7, 139340, 6, 123.88
2026/07/30 10:15:18.800, 6, 139200, 8, 121.95
2026/07/30 10:15:18.803, 7, 139340, 8, 124.49
2026/07/30 10:15:20.966, 6, 139200, 0, 121.12
2026/07/30 10:15:20.967, 7, 139340, 0, 123.61
2026/07/30 10:15:23.126, 6, 139200, 0, 121.15
2026/07/30 10:15:23.128, 7, 139340, 0, 123.63
2026/07/30 10:15:25.287, 6, 139200, 0, 123.50
2026/07/30 10:15:25.289, 7, 139340, 100, 127.56
2026/07/30 10:15:27.449, 6, 139200, 9, 141.01
2026/07/30 10:15:27.451, 7, 139340, 100, 145.89
2026/07/30 10:15:29.604, 6, 139200, 10, 142.60
2026/07/30 10:15:29.606, 7, 139340, 99, 146.94
2026/07/30 10:15:31.769, 6, 139200, 10, 141.66
2026/07/30 10:15:31.771, 7, 139340, 100, 146.07
2026/07/30 10:15:33.944, 6, 139200, 10, 141.66
2026/07/30 10:15:33.946, 7, 139340, 100, 146.93
2026/07/30 10:15:36.111, 6, 139200, 9, 141.80
2026/07/30 10:15:36.113, 7, 139340, 100, 146.62
2026/07/30 10:15:38.283, 6, 139200, 4, 136.58
2026/07/30 10:15:38.285, 7, 139340, 100, 140.21
2026/07/30 10:15:40.459, 6, 139200, 4, 133.82
2026/07/30 10:15:40.461, 7, 139340, 100, 139.81
2026/07/30 10:15:42.598, 6, 139200, 6, 135.94
2026/07/30 10:15:42.600, 7, 139340, 100, 140.82
2026/07/30 10:15:44.790, 6, 139200, 4, 121.96
2026/07/30 10:15:44.792, 7, 139340, 100, 126.40
2026/07/30 10:15:46.951, 6, 139200, 0, 121.43
2026/07/30 10:15:46.953, 7, 139340, 0, 123.96
2026/07/30 10:15:49.148, 6, 139200, 0, 121.40
2026/07/30 10:15:49.152, 7, 139340, 0, 123.89
2026/07/30 10:15:51.346, 6, 139200, 0, 121.35
2026/07/30 10:15:51.348, 7, 139340, 0, 123.85
2026/07/30 10:15:53.501, 6, 139200, 0, 121.40
2026/07/30 10:15:53.503, 7, 139340, 0, 123.89
2026/07/30 10:15:55.671, 6, 139200, 0, 121.33
2026/07/30 10:15:55.673, 7, 139340, 0, 123.82
2026/07/30 10:15:57.844, 6, 139200, 0, 121.31
2026/07/30 10:15:57.846, 7, 139340, 0, 123.79
2026/07/30 10:16:00.008, 6, 139200, 0, 121.29
2026/07/30 10:16:00.010, 7, 139340, 0, 123.80
2026/07/30 10:16:02.152, 6, 139200, 0, 121.24
2026/07/30 10:16:02.156, 7, 139340, 0, 123.78
2026/07/30 10:16:04.344, 6, 139200, 0, 121.28
2026/07/30 10:16:04.346, 7, 139340, 0, 123.68
2026/07/30 10:16:06.497, 6, 139200, 0, 121.23
2026/07/30 10:16:06.499, 7, 139340, 0, 123.71
2026/07/30 10:16:08.673, 6, 139200, 0, 121.23
2026/07/30 10:16:08.675, 7, 139340, 0, 123.70
2026/07/30 10:16:10.875, 6, 139200, 0, 121.22
2026/07/30 10:16:10.877, 7, 139340, 0, 123.67
2026/07/30 10:16:13.007, 6, 138232, 0, 121.33
2026/07/30 10:16:13.009, 7, 138372, 0, 123.76
2026/07/30 10:16:16.316, 6, 4, 55, 136.30
2026/07/30 10:16:16.316, 7, 4, 0, 130.96
